latitude,longitude,probability,risk_level
26.35,88.04999999999954,0.5445,HIGH
26.35,88.09999999999954,0.5592,HIGH
26.35,88.19999999999953,0.5828,HIGH
26.450000000000003,88.14999999999954,0.5785,HIGH
26.500000000000004,85.04999999999971,0.7753,VERY HIGH
26.500000000000004,85.2499999999997,0.8019,VERY HIGH
26.500000000000004,85.2999999999997,0.7875,VERY HIGH
26.500000000000004,85.64999999999968,0.6323,HIGH
26.500000000000004,85.94999999999966,0.6487,HIGH
26.500000000000004,86.09999999999965,0.7118,VERY HIGH
26.500000000000004,86.14999999999965,0.5912,HIGH
26.500000000000004,86.24999999999964,0.5718,HIGH
26.500000000000004,86.64999999999962,0.3979,MEDIUM
26.500000000000004,86.69999999999962,0.3448,MEDIUM
26.500000000000004,86.74999999999962,0.3417,MEDIUM
26.500000000000004,87.0499999999996,0.7707,VERY HIGH
26.500000000000004,87.24999999999959,0.6659,HIGH
26.500000000000004,87.29999999999959,0.5507,HIGH
26.500000000000004,87.54999999999957,0.693,HIGH
26.500000000000004,87.94999999999955,0.6927,HIGH
26.500000000000004,87.99999999999955,0.6726,HIGH
26.500000000000004,88.04999999999954,0.6264,HIGH
26.500000000000004,88.19999999999953,0.5785,HIGH
26.550000000000004,84.59999999999974,0.7214,VERY HIGH
26.550000000000004,84.84999999999972,0.456,HIGH
26.550000000000004,84.89999999999972,0.6169,HIGH
26.550000000000004,85.3499999999997,0.7673,VERY HIGH
26.550000000000004,85.44999999999969,0.3994,MEDIUM
26.550000000000004,85.54999999999968,0.7262,VERY HIGH
26.550000000000004,85.74999999999967,0.7209,VERY HIGH
26.550000000000004,85.84999999999967,0.3694,MEDIUM
26.550000000000004,86.04999999999966,0.742,VERY HIGH
26.550000000000004,86.09999999999965,0.6296,HIGH
26.550000000000004,86.34999999999964,0.6,HIGH
26.550000000000004,86.49999999999963,0.6601,HIGH
26.550000000000004,87.39999999999958,0.6056,HIGH
26.550000000000004,87.54999999999957,0.5747,HIGH
26.550000000000004,87.59999999999957,0.5478,HIGH
26.550000000000004,87.69999999999956,0.5581,HIGH
26.550000000000004,87.99999999999955,0.577,HIGH
26.550000000000004,88.04999999999954,0.3703,MEDIUM
26.550000000000004,88.19999999999953,0.5663,HIGH
26.600000000000005,84.44999999999975,0.3586,MEDIUM
26.600000000000005,84.74999999999973,0.7293,VERY HIGH
26.600000000000005,84.89999999999972,0.7373,VERY HIGH
26.600000000000005,84.94999999999972,0.6221,HIGH
26.600000000000005,85.1999999999997,0.7281,VERY HIGH
26.600000000000005,85.49999999999969,0.58,HIGH
26.600000000000005,85.64999999999968,0.7533,VERY HIGH
26.600000000000005,85.74999999999967,0.742,VERY HIGH
26.600000000000005,85.79999999999967,0.5883,HIGH
26.600000000000005,85.89999999999966,0.6065,HIGH
26.600000000000005,86.09999999999965,0.7301,VERY HIGH
26.600000000000005,86.14999999999965,0.604,HIGH
26.600000000000005,86.79999999999961,0.5622,HIGH
26.600000000000005,86.84999999999961,0.5541,HIGH
26.600000000000005,87.19999999999959,0.6319,HIGH
26.600000000000005,87.39999999999958,0.5948,HIGH
26.600000000000005,87.54999999999957,0.5581,HIGH
26.600000000000005,87.89999999999955,0.6654,HIGH
26.600000000000005,88.04999999999954,0.5945,HIGH
26.600000000000005,88.19999999999953,0.7196,VERY HIGH
26.65000000000001,84.24999999999976,0.5902,HIGH
26.65000000000001,84.34999999999975,0.6128,HIGH
26.65000000000001,84.64999999999974,0.6531,HIGH
26.65000000000001,84.99999999999972,0.7201,VERY HIGH
26.65000000000001,85.2999999999997,0.6134,HIGH
26.65000000000001,85.3999999999997,0.6517,HIGH
26.65000000000001,85.54999999999968,0.7299,VERY HIGH
26.65000000000001,85.89999999999966,0.3261,MEDIUM
26.65000000000001,86.64999999999962,0.2361,LOW
26.65000000000001,86.74999999999962,0.6148,HIGH
26.65000000000001,86.84999999999961,0.5373,HIGH
26.65000000000001,86.89999999999961,0.3959,MEDIUM
26.65000000000001,87.34999999999958,0.4023,HIGH
26.65000000000001,87.39999999999958,0.4003,HIGH
26.65000000000001,87.49999999999957,0.434,HIGH
26.65000000000001,87.59999999999957,0.5569,HIGH
26.65000000000001,87.79999999999956,0.6179,HIGH
26.65000000000001,88.04999999999954,0.5848,HIGH
26.65000000000001,88.09999999999954,0.5848,HIGH
26.700000000000006,84.14999999999976,0.6226,HIGH
26.700000000000006,84.29999999999976,0.5797,HIGH
26.700000000000006,84.34999999999975,0.4461,HIGH
26.700000000000006,84.39999999999975,0.4447,HIGH
26.700000000000006,84.49999999999974,0.7318,VERY HIGH
26.700000000000006,84.54999999999974,0.7293,VERY HIGH
26.700000000000006,84.64999999999974,0.7293,VERY HIGH
26.700000000000006,84.89999999999972,0.4682,HIGH
26.700000000000006,84.99999999999972,0.4925,HIGH
26.700000000000006,85.1999999999997,0.7068,VERY HIGH
26.700000000000006,85.3999999999997,0.6134,HIGH
26.700000000000006,85.59999999999968,0.6505,HIGH
26.700000000000006,85.74999999999967,0.6887,HIGH
26.700000000000006,85.79999999999967,0.7311,VERY HIGH
26.700000000000006,85.84999999999967,0.735,VERY HIGH
26.700000000000006,85.99999999999966,0.6142,HIGH
26.700000000000006,86.04999999999966,0.7156,VERY HIGH
26.700000000000006,86.09999999999965,0.3734,MEDIUM
26.700000000000006,86.59999999999962,0.4254,HIGH
26.700000000000006,86.64999999999962,0.6074,HIGH
26.700000000000006,86.69999999999962,0.7373,VERY HIGH
26.700000000000006,86.74999999999962,0.7351,VERY HIGH
26.700000000000006,86.79999999999961,0.7091,VERY HIGH
26.700000000000006,86.84999999999961,0.655,HIGH
26.700000000000006,86.89999999999961,0.6035,HIGH
26.700000000000006,86.9999999999996,0.4799,HIGH
26.700000000000006,87.29999999999959,0.4078,HIGH
26.700000000000006,87.34999999999958,0.6252,HIGH
26.700000000000006,87.39999999999958,0.6035,HIGH
26.700000000000006,87.44999999999958,0.6772,HIGH
26.700000000000006,87.49999999999957,0.7161,VERY HIGH
26.700000000000006,87.54999999999957,0.6371,HIGH
26.700000000000006,87.59999999999957,0.6822,HIGH
26.700000000000006,87.79999999999956,0.7503,VERY HIGH
26.700000000000006,87.84999999999955,0.7848,VERY HIGH
26.700000000000006,87.89999999999955,0.7575,VERY HIGH
26.700000000000006,88.04999999999954,0.7193,VERY HIGH
26.700000000000006,88.09999999999954,0.6328,HIGH
26.700000000000006,88.14999999999954,0.6617,HIGH
26.750000000000007,83.84999999999978,0.6336,HIGH
26.750000000000007,84.19999999999976,0.6897,HIGH
26.750000000000007,84.39999999999975,0.6496,HIGH
26.750000000000007,84.64999999999974,0.717,VERY HIGH
26.750000000000007,84.69999999999973,0.6601,HIGH
26.750000000000007,85.44999999999969,0.6448,HIGH
26.750000000000007,85.64999999999968,0.6716,HIGH
26.750000000000007,85.84999999999967,0.6448,HIGH
26.750000000000007,86.14999999999965,0.3755,MEDIUM
26.750000000000007,86.24999999999964,0.4039,HIGH
26.750000000000007,86.39999999999964,0.3595,MEDIUM
26.750000000000007,86.49999999999963,0.3637,MEDIUM
26.750000000000007,86.59999999999962,0.4659,HIGH
26.750000000000007,86.64999999999962,0.6494,HIGH
26.750000000000007,86.69999999999962,0.5922,HIGH
26.750000000000007,86.74999999999962,0.5922,HIGH
26.750000000000007,86.79999999999961,0.6391,HIGH
26.750000000000007,86.84999999999961,0.5347,HIGH
26.750000000000007,86.89999999999961,0.5247,HIGH
26.750000000000007,86.9499999999996,0.3944,MEDIUM
26.750000000000007,86.9999999999996,0.4076,HIGH
26.750000000000007,87.0999999999996,0.3516,MEDIUM
26.750000000000007,87.24999999999959,0.6089,HIGH
26.750000000000007,87.29999999999959,0.7239,VERY HIGH
26.750000000000007,87.34999999999958,0.6861,HIGH
26.750000000000007,87.54999999999957,0.4427,HIGH
26.750000000000007,87.59999999999957,0.4782,HIGH
26.750000000000007,87.64999999999957,0.4042,HIGH
26.750000000000007,87.69999999999956,0.4729,HIGH
26.750000000000007,87.74999999999956,0.7816,VERY HIGH
26.750000000000007,87.79999999999956,0.742,VERY HIGH
26.750000000000007,87.84999999999955,0.7333,VERY HIGH
26.750000000000007,87.89999999999955,0.676,HIGH
26.750000000000007,87.94999999999955,0.7825,VERY HIGH
26.750000000000007,87.99999999999955,0.6564,HIGH
26.750000000000007,88.04999999999954,0.727,VERY HIGH
26.750000000000007,88.09999999999954,0.672,HIGH
26.750000000000007,88.14999999999954,0.683,HIGH
26.750000000000007,88.19999999999953,0.736,VERY HIGH
26.800000000000008,83.4499999999998,0.6699,HIGH
26.800000000000008,84.29999999999976,0.3686,MEDIUM
26.800000000000008,84.39999999999975,0.7161,VERY HIGH
26.800000000000008,84.44999999999975,0.7083,VERY HIGH
26.800000000000008,85.2999999999997,0.7419,VERY HIGH
26.800000000000008,85.3499999999997,0.6589,HIGH
26.800000000000008,85.44999999999969,0.5972,HIGH
26.800000000000008,85.59999999999968,0.6451,HIGH
26.800000000000008,85.74999999999967,0.7015,VERY HIGH
26.800000000000008,85.84999999999967,0.5786,HIGH
26.800000000000008,85.99999999999966,0.7025,VERY HIGH
26.800000000000008,86.04999999999966,0.4094,HIGH
26.800000000000008,86.29999999999964,0.3974,MEDIUM
26.800000000000008,86.34999999999964,0.4315,HIGH
26.800000000000008,86.49999999999963,0.2325,LOW
26.800000000000008,86.54999999999963,0.4182,HIGH
26.800000000000008,86.59999999999962,0.5169,HIGH
26.800000000000008,86.74999999999962,0.7015,VERY HIGH
26.800000000000008,86.79999999999961,0.3984,MEDIUM
26.800000000000008,86.84999999999961,0.4147,HIGH
26.800000000000008,86.89999999999961,0.3988,MEDIUM
26.800000000000008,86.9999999999996,0.4157,HIGH
26.800000000000008,87.1499999999996,0.5845,HIGH
26.800000000000008,87.19999999999959,0.4613,HIGH
26.800000000000008,87.24999999999959,0.4869,HIGH
26.800000000000008,87.34999999999958,0.584,HIGH
26.800000000000008,87.39999999999958,0.572,HIGH
26.800000000000008,87.44999999999958,0.5619,HIGH
26.800000000000008,87.49999999999957,0.5572,HIGH
26.800000000000008,87.54999999999957,0.5806,HIGH
26.800000000000008,87.59999999999957,0.5909,HIGH
26.800000000000008,87.64999999999957,0.6079,HIGH
26.800000000000008,87.69999999999956,0.628,HIGH
26.800000000000008,87.74999999999956,0.4939,HIGH
26.800000000000008,87.84999999999955,0.5092,HIGH
26.800000000000008,87.89999999999955,0.5404,HIGH
26.800000000000008,87.94999999999955,0.6516,HIGH
26.800000000000008,87.99999999999955,0.6697,HIGH
26.800000000000008,88.04999999999954,0.7099,VERY HIGH
26.800000000000008,88.09999999999954,0.7799,VERY HIGH
26.800000000000008,88.14999999999954,0.8275,VERY HIGH
26.800000000000008,88.19999999999953,0.6832,HIGH
26.85000000000001,83.04999999999983,0.6376,HIGH
26.85000000000001,83.34999999999981,0.3795,MEDIUM
26.85000000000001,83.3999999999998,0.6552,HIGH
26.85000000000001,83.84999999999978,0.587,HIGH
26.85000000000001,84.14999999999976,0.6512,HIGH
26.85000000000001,84.29999999999976,0.3835,MEDIUM
26.85000000000001,84.34999999999975,0.7161,VERY HIGH
26.85000000000001,84.54999999999974,0.5243,HIGH
26.85000000000001,84.74999999999973,0.6953,HIGH
26.85000000000001,84.79999999999973,0.7281,VERY HIGH
26.85000000000001,85.14999999999971,0.674,HIGH
26.85000000000001,85.54999999999968,0.6039,HIGH
26.85000000000001,85.74999999999967,0.5961,HIGH
26.85000000000001,86.04999999999966,0.4822,HIGH
26.85000000000001,86.14999999999965,0.2547,LOW
26.85000000000001,86.24999999999964,0.425,HIGH
26.85000000000001,86.39999999999964,0.3614,MEDIUM
26.85000000000001,86.44999999999963,0.3479,MEDIUM
26.85000000000001,86.54999999999963,0.3302,MEDIUM
26.85000000000001,86.59999999999962,0.6118,HIGH
26.85000000000001,86.64999999999962,0.6431,HIGH
26.85000000000001,86.69999999999962,0.7548,VERY HIGH
26.85000000000001,86.74999999999962,0.6669,HIGH
26.85000000000001,86.79999999999961,0.7387,VERY HIGH
26.85000000000001,86.84999999999961,0.6994,HIGH
26.85000000000001,86.89999999999961,0.6935,HIGH
26.85000000000001,86.9999999999996,0.7135,VERY HIGH
26.85000000000001,87.0499999999996,0.6216,HIGH
26.85000000000001,87.0999999999996,0.5694,HIGH
26.85000000000001,87.19999999999959,0.5791,HIGH
26.85000000000001,87.24999999999959,0.6041,HIGH
26.85000000000001,87.29999999999959,0.3713,MEDIUM
26.85000000000001,87.34999999999958,0.3407,MEDIUM
26.85000000000001,87.39999999999958,0.7706,VERY HIGH
26.85000000000001,87.44999999999958,0.7691,VERY HIGH
26.85000000000001,87.49999999999957,0.7706,VERY HIGH
26.85000000000001,87.54999999999957,0.7761,VERY HIGH
26.85000000000001,87.59999999999957,0.7783,VERY HIGH
26.85000000000001,87.64999999999957,0.6805,HIGH
26.85000000000001,87.69999999999956,0.7329,VERY HIGH
26.85000000000001,87.79999999999956,0.7113,VERY HIGH
26.85000000000001,87.84999999999955,0.7452,VERY HIGH
26.85000000000001,87.89999999999955,0.6233,HIGH
26.85000000000001,87.94999999999955,0.7855,VERY HIGH
26.85000000000001,87.99999999999955,0.8192,VERY HIGH
26.85000000000001,88.04999999999954,0.8522,VERY HIGH
26.85000000000001,88.09999999999954,0.8411,VERY HIGH
26.85000000000001,88.14999999999954,0.8462,VERY HIGH
26.85000000000001,88.19999999999953,0.8275,VERY HIGH
26.90000000000001,83.04999999999983,0.6809,HIGH
26.90000000000001,83.3999999999998,0.6936,HIGH
26.90000000000001,83.4499999999998,0.7992,VERY HIGH
26.90000000000001,83.5999999999998,0.7984,VERY HIGH
26.90000000000001,83.94999999999978,0.3981,MEDIUM
26.90000000000001,83.99999999999977,0.6416,HIGH
26.90000000000001,84.34999999999975,0.6417,HIGH
26.90000000000001,84.44999999999975,0.7472,VERY HIGH
26.90000000000001,84.79999999999973,0.7293,VERY HIGH
26.90000000000001,84.99999999999972,0.5786,HIGH
26.90000000000001,85.64999999999968,0.7271,VERY HIGH
26.90000000000001,85.94999999999966,0.3488,MEDIUM
26.90000000000001,85.99999999999966,0.6547,HIGH
26.90000000000001,86.29999999999964,0.6798,HIGH
26.90000000000001,86.34999999999964,0.5885,HIGH
26.90000000000001,86.39999999999964,0.5909,HIGH
26.90000000000001,86.44999999999963,0.7014,VERY HIGH
26.90000000000001,86.49999999999963,0.5541,HIGH
26.90000000000001,86.54999999999963,0.6923,HIGH
26.90000000000001,86.59999999999962,0.7435,VERY HIGH
26.90000000000001,86.64999999999962,0.5725,HIGH
26.90000000000001,86.69999999999962,0.5974,HIGH
26.90000000000001,86.74999999999962,0.5643,HIGH
26.90000000000001,86.79999999999961,0.7229,VERY HIGH
26.90000000000001,86.84999999999961,0.5929,HIGH
26.90000000000001,86.9499999999996,0.6107,HIGH
26.90000000000001,86.9999999999996,0.583,HIGH
26.90000000000001,87.0499999999996,0.6557,HIGH
26.90000000000001,87.0999999999996,0.4487,HIGH
26.90000000000001,87.1499999999996,0.1775,LOW
26.90000000000001,87.19999999999959,0.3552,MEDIUM
26.90000000000001,87.24999999999959,0.5556,HIGH
26.90000000000001,87.29999999999959,0.3171,MEDIUM
26.90000000000001,87.34999999999958,0.604,HIGH
26.90000000000001,87.39999999999958,0.714,VERY HIGH
26.90000000000001,87.44999999999958,0.6699,HIGH
26.90000000000001,87.49999999999957,0.7376,VERY HIGH
26.90000000000001,87.54999999999957,0.7494,VERY HIGH
26.90000000000001,87.59999999999957,0.7498,VERY HIGH
26.90000000000001,87.64999999999957,0.7715,VERY HIGH
26.90000000000001,87.69999999999956,0.749,VERY HIGH
26.90000000000001,87.74999999999956,0.715,VERY HIGH
26.90000000000001,87.79999999999956,0.5604,HIGH
26.90000000000001,87.84999999999955,0.7416,VERY HIGH
26.90000000000001,87.99999999999955,0.7959,VERY HIGH
26.90000000000001,88.04999999999954,0.8488,VERY HIGH
26.90000000000001,88.09999999999954,0.8538,VERY HIGH
26.90000000000001,88.14999999999954,0.8488,VERY HIGH
26.90000000000001,88.19999999999953,0.8233,VERY HIGH
26.95000000000001,83.09999999999982,0.7477,VERY HIGH
26.95000000000001,83.24999999999982,0.792,VERY HIGH
26.95000000000001,83.3999999999998,0.8335,VERY HIGH
26.95000000000001,84.04999999999977,0.6707,HIGH
26.95000000000001,84.19999999999976,0.6325,HIGH
26.95000000000001,84.29999999999976,0.7106,VERY HIGH
26.95000000000001,84.34999999999975,0.6747,HIGH
26.95000000000001,84.49999999999974,0.6575,HIGH
26.95000000000001,84.74999999999973,0.7739,VERY HIGH
26.95000000000001,84.94999999999972,0.6192,HIGH
26.95000000000001,85.09999999999971,0.7214,VERY HIGH
26.95000000000001,85.84999999999967,0.3697,MEDIUM
26.95000000000001,85.89999999999966,0.359,MEDIUM
26.95000000000001,85.99999999999966,0.6,HIGH
26.95000000000001,86.04999999999966,0.7911,VERY HIGH
26.95000000000001,86.09999999999965,0.5912,HIGH
26.95000000000001,86.14999999999965,0.3805,MEDIUM
26.95000000000001,86.19999999999965,0.6302,HIGH
26.95000000000001,86.24999999999964,0.5636,HIGH
26.95000000000001,86.34999999999964,0.3796,MEDIUM
26.95000000000001,86.44999999999963,0.6382,HIGH
26.95000000000001,86.49999999999963,0.761,VERY HIGH
26.95000000000001,86.54999999999963,0.7168,VERY HIGH
26.95000000000001,86.59999999999962,0.707,VERY HIGH
26.95000000000001,86.64999999999962,0.7493,VERY HIGH
26.95000000000001,86.69999999999962,0.6939,HIGH
26.95000000000001,86.74999999999962,0.5036,HIGH
26.95000000000001,86.79999999999961,0.5965,HIGH
26.95000000000001,86.84999999999961,0.6125,HIGH
26.95000000000001,86.89999999999961,0.6629,HIGH
26.95000000000001,86.9499999999996,0.6849,HIGH
26.95000000000001,86.9999999999996,0.684,HIGH
26.95000000000001,87.0499999999996,0.6859,HIGH
26.95000000000001,87.0999999999996,0.5643,HIGH
26.95000000000001,87.19999999999959,0.6398,HIGH
26.95000000000001,87.24999999999959,0.6431,HIGH
26.95000000000001,87.29999999999959,0.4277,HIGH
26.95000000000001,87.34999999999958,0.6644,HIGH
26.95000000000001,87.44999999999958,0.3806,MEDIUM
26.95000000000001,87.49999999999957,0.4885,HIGH
26.95000000000001,87.54999999999957,0.4004,HIGH
26.95000000000001,87.59999999999957,0.3707,MEDIUM
26.95000000000001,87.64999999999957,0.7282,VERY HIGH
26.95000000000001,87.69999999999956,0.7427,VERY HIGH
26.95000000000001,87.74999999999956,0.5726,HIGH
26.95000000000001,87.79999999999956,0.586,HIGH
26.95000000000001,87.84999999999955,0.7775,VERY HIGH
26.95000000000001,87.89999999999955,0.6284,HIGH
26.95000000000001,87.94999999999955,0.694,HIGH
26.95000000000001,87.99999999999955,0.8466,VERY HIGH
26.95000000000001,88.04999999999954,0.8285,VERY HIGH
26.95000000000001,88.09999999999954,0.8114,VERY HIGH
26.95000000000001,88.14999999999954,0.8178,VERY HIGH
26.95000000000001,88.19999999999953,0.8233,VERY HIGH
27.00000000000001,82.54999999999986,0.7777,VERY HIGH
27.00000000000001,82.59999999999985,0.8126,VERY HIGH
27.00000000000001,83.29999999999981,0.6791,HIGH
27.00000000000001,83.4999999999998,0.7912,VERY HIGH
27.00000000000001,83.69999999999979,0.7381,VERY HIGH
27.00000000000001,83.74999999999979,0.6304,HIGH
27.00000000000001,83.89999999999978,0.6378,HIGH
27.00000000000001,83.94999999999978,0.5665,HIGH
27.00000000000001,85.2499999999997,0.6604,HIGH
27.00000000000001,85.2999999999997,0.6993,HIGH
27.00000000000001,85.44999999999969,0.6878,HIGH
27.00000000000001,85.69999999999968,0.7919,VERY HIGH
27.00000000000001,85.74999999999967,0.6836,HIGH
27.00000000000001,85.79999999999967,0.6345,HIGH
27.00000000000001,85.84999999999967,0.6337,HIGH
27.00000000000001,85.89999999999966,0.6147,HIGH
27.00000000000001,85.94999999999966,0.7241,VERY HIGH
27.00000000000001,85.99999999999966,0.7241,VERY HIGH
27.00000000000001,86.04999999999966,0.6837,HIGH
27.00000000000001,86.09999999999965,0.4846,HIGH
27.00000000000001,86.14999999999965,0.4121,HIGH
27.00000000000001,86.34999999999964,0.6813,HIGH
27.00000000000001,86.39999999999964,0.5615,HIGH
27.00000000000001,86.44999999999963,0.4015,HIGH
27.00000000000001,86.49999999999963,0.6056,HIGH
27.00000000000001,86.59999999999962,0.6679,HIGH
27.00000000000001,86.69999999999962,0.5335,HIGH
27.00000000000001,86.74999999999962,0.3976,MEDIUM
27.00000000000001,86.79999999999961,0.3973,MEDIUM
27.00000000000001,86.84999999999961,0.6025,HIGH
27.00000000000001,86.89999999999961,0.639,HIGH
27.00000000000001,86.9499999999996,0.2837,LOW
27.00000000000001,86.9999999999996,0.7131,VERY HIGH
27.00000000000001,87.0499999999996,0.7104,VERY HIGH
27.00000000000001,87.0999999999996,0.5853,HIGH
27.00000000000001,87.1499999999996,0.7056,VERY HIGH
27.00000000000001,87.29999999999959,0.7491,VERY HIGH
27.00000000000001,87.34999999999958,0.4918,HIGH
27.00000000000001,87.39999999999958,0.5502,HIGH
27.00000000000001,87.44999999999958,0.4451,HIGH
27.00000000000001,87.49999999999957,0.4505,HIGH
27.00000000000001,87.54999999999957,0.411,HIGH
27.00000000000001,87.59999999999957,0.6319,HIGH
27.00000000000001,87.64999999999957,0.5155,HIGH
27.00000000000001,87.69999999999956,0.7717,VERY HIGH
27.00000000000001,87.74999999999956,0.7538,VERY HIGH
27.00000000000001,87.79999999999956,0.7915,VERY HIGH
27.00000000000001,87.84999999999955,0.7659,VERY HIGH
27.00000000000001,87.89999999999955,0.7761,VERY HIGH
27.00000000000001,87.94999999999955,0.8076,VERY HIGH
27.00000000000001,87.99999999999955,0.8453,VERY HIGH
27.00000000000001,88.04999999999954,0.8233,VERY HIGH
27.00000000000001,88.09999999999954,0.8233,VERY HIGH
27.00000000000001,88.14999999999954,0.8492,VERY HIGH
27.00000000000001,88.19999999999953,0.8535,VERY HIGH
27.05000000000001,82.54999999999986,0.8049,VERY HIGH
27.05000000000001,82.84999999999984,0.7942,VERY HIGH
27.05000000000001,83.09999999999982,0.8237,VERY HIGH
27.05000000000001,83.3999999999998,0.8245,VERY HIGH
27.05000000000001,83.84999999999978,0.648,HIGH
27.05000000000001,83.89999999999978,0.6599,HIGH
27.05000000000001,84.09999999999977,0.6593,HIGH
27.05000000000001,84.19999999999976,0.645,HIGH
27.05000000000001,84.59999999999974,0.7448,VERY HIGH
27.05000000000001,84.79999999999973,0.7545,VERY HIGH
27.05000000000001,84.89999999999972,0.6268,HIGH
27.05000000000001,85.2999999999997,0.6873,HIGH
27.05000000000001,85.3999999999997,0.7042,VERY HIGH
27.05000000000001,85.49999999999969,0.6253,HIGH
27.05000000000001,85.64999999999968,0.6699,HIGH
27.05000000000001,85.69999999999968,0.4157,HIGH
27.05000000000001,85.74999999999967,0.4635,HIGH
27.05000000000001,85.89999999999966,0.6211,HIGH
27.05000000000001,85.94999999999966,0.5129,HIGH
27.05000000000001,85.99999999999966,0.7483,VERY HIGH
27.05000000000001,86.09999999999965,0.4433,HIGH
27.05000000000001,86.14999999999965,0.7387,VERY HIGH
27.05000000000001,86.19999999999965,0.6952,HIGH
27.05000000000001,86.24999999999964,0.4111,HIGH
27.05000000000001,86.29999999999964,0.5864,HIGH
27.05000000000001,86.34999999999964,0.3375,MEDIUM
27.05000000000001,86.39999999999964,0.362,MEDIUM
27.05000000000001,86.44999999999963,0.7755,VERY HIGH
27.05000000000001,86.49999999999963,0.7757,VERY HIGH
27.05000000000001,86.54999999999963,0.4144,HIGH
27.05000000000001,86.59999999999962,0.7791,VERY HIGH
27.05000000000001,86.64999999999962,0.6407,HIGH
27.05000000000001,86.69999999999962,0.6754,HIGH
27.05000000000001,86.74999999999962,0.4981,HIGH
27.05000000000001,86.79999999999961,0.6882,HIGH
27.05000000000001,86.84999999999961,0.659,HIGH
27.05000000000001,86.89999999999961,0.5358,HIGH
27.05000000000001,86.9499999999996,0.6631,HIGH
27.05000000000001,86.9999999999996,0.5254,HIGH
27.05000000000001,87.0499999999996,0.3945,MEDIUM
27.05000000000001,87.0999999999996,0.632,HIGH
27.05000000000001,87.1499999999996,0.456,HIGH
27.05000000000001,87.24999999999959,0.731,VERY HIGH
27.05000000000001,87.29999999999959,0.7847,VERY HIGH
27.05000000000001,87.34999999999958,0.6796,HIGH
27.05000000000001,87.39999999999958,0.7662,VERY HIGH
27.05000000000001,87.44999999999958,0.6236,HIGH
27.05000000000001,87.49999999999957,0.3073,MEDIUM
27.05000000000001,87.54999999999957,0.4386,HIGH
27.05000000000001,87.59999999999957,0.3134,MEDIUM
27.05000000000001,87.64999999999957,0.4411,HIGH
27.05000000000001,87.69999999999956,0.6896,HIGH
27.05000000000001,87.74999999999956,0.6183,HIGH
27.05000000000001,87.79999999999956,0.7167,VERY HIGH
27.05000000000001,87.84999999999955,0.735,VERY HIGH
27.05000000000001,87.89999999999955,0.7458,VERY HIGH
27.05000000000001,87.94999999999955,0.7304,VERY HIGH
27.05000000000001,87.99999999999955,0.8486,VERY HIGH
27.05000000000001,88.04999999999954,0.8065,VERY HIGH
27.05000000000001,88.09999999999954,0.8237,VERY HIGH
27.05000000000001,88.14999999999954,0.8535,VERY HIGH
27.05000000000001,88.19999999999953,0.61,HIGH
27.10000000000001,82.89999999999984,0.8247,VERY HIGH
27.10000000000001,83.14999999999982,0.7936,VERY HIGH
27.10000000000001,83.3999999999998,0.7379,VERY HIGH
27.10000000000001,83.64999999999979,0.7491,VERY HIGH
27.10000000000001,83.89999999999978,0.706,VERY HIGH
27.10000000000001,83.99999999999977,0.4451,HIGH
27.10000000000001,84.54999999999974,0.7178,VERY HIGH
27.10000000000001,84.64999999999974,0.7547,VERY HIGH
27.10000000000001,84.94999999999972,0.568,HIGH
27.10000000000001,85.04999999999971,0.6613,HIGH
27.10000000000001,85.09999999999971,0.6993,HIGH
27.10000000000001,85.1999999999997,0.5303,HIGH
27.10000000000001,85.2499999999997,0.5155,HIGH
27.10000000000001,85.2999999999997,0.4378,HIGH
27.10000000000001,85.3499999999997,0.5775,HIGH
27.10000000000001,85.3999999999997,0.6295,HIGH
27.10000000000001,85.44999999999969,0.5539,HIGH
27.10000000000001,85.64999999999968,0.2097,LOW
27.10000000000001,85.69999999999968,0.4151,HIGH
27.10000000000001,85.74999999999967,0.4472,HIGH
27.10000000000001,85.79999999999967,0.4282,HIGH
27.10000000000001,85.84999999999967,0.6008,HIGH
27.10000000000001,85.89999999999966,0.7113,VERY HIGH
27.10000000000001,85.94999999999966,0.5788,HIGH
27.10000000000001,85.99999999999966,0.5599,HIGH
27.10000000000001,86.04999999999966,0.4376,HIGH
27.10000000000001,86.09999999999965,0.7344,VERY HIGH
27.10000000000001,86.14999999999965,0.342,MEDIUM
27.10000000000001,86.19999999999965,0.2121,LOW
27.10000000000001,86.24999999999964,0.4684,HIGH
27.10000000000001,86.29999999999964,0.7239,VERY HIGH
27.10000000000001,86.34999999999964,0.7068,VERY HIGH
27.10000000000001,86.39999999999964,0.5509,HIGH
27.10000000000001,86.44999999999963,0.5132,HIGH
27.10000000000001,86.49999999999963,0.4315,HIGH
27.10000000000001,86.54999999999963,0.4281,HIGH
27.10000000000001,86.64999999999962,0.359,MEDIUM
27.10000000000001,86.69999999999962,0.4471,HIGH
27.10000000000001,86.79999999999961,0.6567,HIGH
27.10000000000001,86.84999999999961,0.5132,HIGH
27.10000000000001,86.89999999999961,0.5568,HIGH
27.10000000000001,86.9499999999996,0.7253,VERY HIGH
27.10000000000001,87.0499999999996,0.4371,HIGH
27.10000000000001,87.0999999999996,0.3088,MEDIUM
27.10000000000001,87.1499999999996,0.4619,HIGH
27.10000000000001,87.24999999999959,0.4107,HIGH
27.10000000000001,87.29999999999959,0.4732,HIGH
27.10000000000001,87.39999999999958,0.7626,VERY HIGH
27.10000000000001,87.44999999999958,0.6592,HIGH
27.10000000000001,87.49999999999957,0.4189,HIGH
27.10000000000001,87.54999999999957,0.4542,HIGH
27.10000000000001,87.59999999999957,0.4208,HIGH
27.10000000000001,87.64999999999957,0.4022,HIGH
27.10000000000001,87.69999999999956,0.4189,HIGH
27.10000000000001,87.74999999999956,0.6431,HIGH
27.10000000000001,87.79999999999956,0.6146,HIGH
27.10000000000001,87.84999999999955,0.7475,VERY HIGH
27.10000000000001,87.89999999999955,0.7391,VERY HIGH
27.10000000000001,87.94999999999955,0.3532,MEDIUM
27.10000000000001,87.99999999999955,0.4242,HIGH
27.10000000000001,88.04999999999954,0.8233,VERY HIGH
27.10000000000001,88.09999999999954,0.8233,VERY HIGH
27.10000000000001,88.14999999999954,0.8071,VERY HIGH
27.10000000000001,88.19999999999953,0.5941,HIGH
27.150000000000013,82.99999999999983,0.8105,VERY HIGH
27.150000000000013,83.19999999999982,0.7953,VERY HIGH
27.150000000000013,83.24999999999982,0.6929,HIGH
27.150000000000013,83.4499999999998,0.641,HIGH
27.150000000000013,83.5999999999998,0.782,VERY HIGH
27.150000000000013,83.84999999999978,0.3858,MEDIUM
27.150000000000013,84.79999999999973,0.7705,VERY HIGH
27.150000000000013,85.09999999999971,0.6865,HIGH
27.150000000000013,85.14999999999971,0.5647,HIGH
27.150000000000013,85.1999999999997,0.3838,MEDIUM
27.150000000000013,85.2499999999997,0.5306,HIGH
27.150000000000013,85.2999999999997,0.4781,HIGH
27.150000000000013,85.3499999999997,0.24,LOW
27.150000000000013,85.3999999999997,0.546,HIGH
27.150000000000013,85.44999999999969,0.5996,HIGH
27.150000000000013,85.49999999999969,0.4723,HIGH
27.150000000000013,85.54999999999968,0.4386,HIGH
27.150000000000013,85.59999999999968,0.6024,HIGH
27.150000000000013,85.64999999999968,0.6948,HIGH
27.150000000000013,85.69999999999968,0.5316,HIGH
27.150000000000013,85.74999999999967,0.5042,HIGH
27.150000000000013,85.79999999999967,0.5754,HIGH
27.150000000000013,85.84999999999967,0.7213,VERY HIGH
27.150000000000013,85.89999999999966,0.6525,HIGH
27.150000000000013,85.94999999999966,0.7443,VERY HIGH
27.150000000000013,85.99999999999966,0.6994,HIGH
27.150000000000013,86.09999999999965,0.7405,VERY HIGH
27.150000000000013,86.14999999999965,0.4242,HIGH
27.150000000000013,86.19999999999965,0.5799,HIGH
27.150000000000013,86.24999999999964,0.713,VERY HIGH
27.150000000000013,86.29999999999964,0.6063,HIGH
27.150000000000013,86.34999999999964,0.2938,LOW
27.150000000000013,86.39999999999964,0.3731,MEDIUM
27.150000000000013,86.44999999999963,0.2086,LOW
27.150000000000013,86.49999999999963,0.199,LOW
27.150000000000013,86.54999999999963,0.2223,LOW
27.150000000000013,86.59999999999962,0.2161,LOW
27.150000000000013,86.64999999999962,0.3595,MEDIUM
27.150000000000013,86.74999999999962,0.3231,MEDIUM
27.150000000000013,86.89999999999961,0.5135,HIGH
27.150000000000013,86.9499999999996,0.6584,HIGH
27.150000000000013,87.0999999999996,0.3307,MEDIUM
27.150000000000013,87.1499999999996,0.4551,HIGH
27.150000000000013,87.19999999999959,0.3286,MEDIUM
27.150000000000013,87.24999999999959,0.4417,HIGH
27.150000000000013,87.29999999999959,0.4756,HIGH
27.150000000000013,87.34999999999958,0.439,HIGH
27.150000000000013,87.39999999999958,0.7894,VERY HIGH
27.150000000000013,87.44999999999958,0.5633,HIGH
27.150000000000013,87.49999999999957,0.5079,HIGH
27.150000000000013,87.54999999999957,0.5063,HIGH
27.150000000000013,87.64999999999957,0.2605,LOW
27.150000000000013,87.69999999999956,0.4241,HIGH
27.150000000000013,87.74999999999956,0.3965,MEDIUM
27.150000000000013,87.79999999999956,0.6637,HIGH
27.150000000000013,87.84999999999955,0.391,MEDIUM
27.150000000000013,87.89999999999955,0.6677,HIGH
27.150000000000013,87.94999999999955,0.7558,VERY HIGH
27.150000000000013,87.99999999999955,0.6769,HIGH
27.150000000000013,88.04999999999954,0.8285,VERY HIGH
27.150000000000013,88.09999999999954,0.8071,VERY HIGH
27.150000000000013,88.14999999999954,0.8455,VERY HIGH
27.150000000000013,88.19999999999953,0.7072,VERY HIGH
27.200000000000014,82.49999999999986,0.7746,VERY HIGH
27.200000000000014,82.59999999999985,0.607,HIGH
27.200000000000014,82.84999999999984,0.8233,VERY HIGH
27.200000000000014,83.04999999999983,0.3651,MEDIUM
27.200000000000014,83.14999999999982,0.6699,HIGH
27.200000000000014,83.29999999999981,0.6556,HIGH
27.200000000000014,83.4499999999998,0.7506,VERY HIGH
27.200000000000014,83.64999999999979,0.4302,HIGH
27.200000000000014,83.99999999999977,0.4342,HIGH
27.200000000000014,84.49999999999974,0.2448,LOW
27.200000000000014,84.89999999999972,0.6955,HIGH
27.200000000000014,84.94999999999972,0.6823,HIGH
27.200000000000014,84.99999999999972,0.566,HIGH
27.200000000000014,85.04999999999971,0.6343,HIGH
27.200000000000014,85.09999999999971,0.5779,HIGH
27.200000000000014,85.14999999999971,0.5853,HIGH
27.200000000000014,85.2499999999997,0.7247,VERY HIGH
27.200000000000014,85.3499999999997,0.4725,HIGH
27.200000000000014,85.3999999999997,0.7086,VERY HIGH
27.200000000000014,85.44999999999969,0.42,HIGH
27.200000000000014,85.54999999999968,0.5478,HIGH
27.200000000000014,85.59999999999968,0.5427,HIGH
27.200000000000014,85.69999999999968,0.4826,HIGH
27.200000000000014,85.74999999999967,0.652,HIGH
27.200000000000014,85.79999999999967,0.4606,HIGH
27.200000000000014,85.84999999999967,0.7762,VERY HIGH
27.200000000000014,85.89999999999966,0.6963,HIGH
27.200000000000014,85.99999999999966,0.7665,VERY HIGH
27.200000000000014,86.04999999999966,0.66,HIGH
27.200000000000014,86.09999999999965,0.7544,VERY HIGH
27.200000000000014,86.14999999999965,0.702,VERY HIGH
27.200000000000014,86.19999999999965,0.5137,HIGH
27.200000000000014,86.24999999999964,0.7481,VERY HIGH
27.200000000000014,86.29999999999964,0.7042,VERY HIGH
27.200000000000014,86.34999999999964,0.3469,MEDIUM
27.200000000000014,86.39999999999964,0.3754,MEDIUM
27.200000000000014,86.44999999999963,0.2261,LOW
27.200000000000014,86.49999999999963,0.4074,HIGH
27.200000000000014,86.54999999999963,0.3778,MEDIUM
27.200000000000014,86.59999999999962,0.6545,HIGH
27.200000000000014,86.64999999999962,0.454,HIGH
27.200000000000014,86.69999999999962,0.5438,HIGH
27.200000000000014,86.74999999999962,0.499,HIGH
27.200000000000014,86.84999999999961,0.6033,HIGH
27.200000000000014,86.89999999999961,0.5046,HIGH
27.200000000000014,86.9499999999996,0.5725,HIGH
27.200000000000014,86.9999999999996,0.6341,HIGH
27.200000000000014,87.0499999999996,0.651,HIGH
27.200000000000014,87.0999999999996,0.7289,VERY HIGH
27.200000000000014,87.1499999999996,0.6193,HIGH
27.200000000000014,87.19999999999959,0.4836,HIGH
27.200000000000014,87.24999999999959,0.6072,HIGH
27.200000000000014,87.29999999999959,0.5254,HIGH
27.200000000000014,87.39999999999958,0.7634,VERY HIGH
27.200000000000014,87.44999999999958,0.4729,HIGH
27.200000000000014,87.49999999999957,0.7342,VERY HIGH
27.200000000000014,87.54999999999957,0.7041,VERY HIGH
27.200000000000014,87.59999999999957,0.5835,HIGH
27.200000000000014,87.64999999999957,0.7522,VERY HIGH
27.200000000000014,87.69999999999956,0.4268,HIGH
27.200000000000014,87.74999999999956,0.4187,HIGH
27.200000000000014,87.79999999999956,0.3054,MEDIUM
27.200000000000014,87.84999999999955,0.4329,HIGH
27.200000000000014,87.89999999999955,0.6345,HIGH
27.200000000000014,87.94999999999955,0.6638,HIGH
27.200000000000014,87.99999999999955,0.7046,VERY HIGH
27.200000000000014,88.04999999999954,0.8285,VERY HIGH
27.200000000000014,88.09999999999954,0.8171,VERY HIGH
27.200000000000014,88.14999999999954,0.8394,VERY HIGH
27.200000000000014,88.19999999999953,0.8233,VERY HIGH
27.25000000000001,82.09999999999988,0.6051,HIGH
27.25000000000001,82.14999999999988,0.4319,HIGH
27.25000000000001,82.29999999999987,0.3431,MEDIUM
27.25000000000001,82.44999999999986,0.7377,VERY HIGH
27.25000000000001,82.94999999999983,0.7942,VERY HIGH
27.25000000000001,83.4499999999998,0.7866,VERY HIGH
27.25000000000001,83.4999999999998,0.7975,VERY HIGH
27.25000000000001,83.79999999999978,0.4958,HIGH
27.25000000000001,84.29999999999976,0.1954,LOW
27.25000000000001,84.34999999999975,0.3688,MEDIUM
27.25000000000001,84.39999999999975,0.3671,MEDIUM
27.25000000000001,84.69999999999973,0.5127,HIGH
27.25000000000001,84.74999999999973,0.718,VERY HIGH
27.25000000000001,84.79999999999973,0.7215,VERY HIGH
27.25000000000001,84.84999999999972,0.6568,HIGH
27.25000000000001,84.89999999999972,0.7017,VERY HIGH
27.25000000000001,84.94999999999972,0.6078,HIGH
27.25000000000001,84.99999999999972,0.439,HIGH
27.25000000000001,85.04999999999971,0.5791,HIGH
27.25000000000001,85.14999999999971,0.6182,HIGH
27.25000000000001,85.1999999999997,0.584,HIGH
27.25000000000001,85.2499999999997,0.7607,VERY HIGH
27.25000000000001,85.2999999999997,0.759,VERY HIGH
27.25000000000001,85.3499999999997,0.5876,HIGH
27.25000000000001,85.3999999999997,0.4339,HIGH
27.25000000000001,85.44999999999969,0.5384,HIGH
27.25000000000001,85.49999999999969,0.4248,HIGH
27.25000000000001,85.54999999999968,0.3785,MEDIUM
27.25000000000001,85.59999999999968,0.3906,MEDIUM
27.25000000000001,85.69999999999968,0.4099,HIGH
27.25000000000001,85.84999999999967,0.6631,HIGH
27.25000000000001,85.89999999999966,0.6291,HIGH
27.25000000000001,85.94999999999966,0.6188,HIGH
27.25000000000001,85.99999999999966,0.7326,VERY HIGH
27.25000000000001,86.09999999999965,0.443,HIGH
27.25000000000001,86.14999999999965,0.4841,HIGH
27.25000000000001,86.19999999999965,0.3892,MEDIUM
27.25000000000001,86.29999999999964,0.3851,MEDIUM
27.25000000000001,86.34999999999964,0.3378,MEDIUM
27.25000000000001,86.39999999999964,0.3655,MEDIUM
27.25000000000001,86.44999999999963,0.4061,HIGH
27.25000000000001,86.49999999999963,0.7382,VERY HIGH
27.25000000000001,86.54999999999963,0.2168,LOW
27.25000000000001,86.59999999999962,0.3868,MEDIUM
27.25000000000001,86.64999999999962,0.2892,LOW
27.25000000000001,86.69999999999962,0.6685,HIGH
27.25000000000001,86.74999999999962,0.5909,HIGH
27.25000000000001,86.79999999999961,0.3126,MEDIUM
27.25000000000001,86.84999999999961,0.7907,VERY HIGH
27.25000000000001,86.89999999999961,0.3743,MEDIUM
27.25000000000001,86.9499999999996,0.761,VERY HIGH
27.25000000000001,86.9999999999996,0.7403,VERY HIGH
27.25000000000001,87.0499999999996,0.7542,VERY HIGH
27.25000000000001,87.0999999999996,0.7661,VERY HIGH
27.25000000000001,87.1499999999996,0.6187,HIGH
27.25000000000001,87.19999999999959,0.4199,HIGH
27.25000000000001,87.24999999999959,0.4562,HIGH
27.25000000000001,87.29999999999959,0.4489,HIGH
27.25000000000001,87.34999999999958,0.7032,VERY HIGH
27.25000000000001,87.39999999999958,0.4448,HIGH
27.25000000000001,87.44999999999958,0.6264,HIGH
27.25000000000001,87.49999999999957,0.7605,VERY HIGH
27.25000000000001,87.54999999999957,0.7605,VERY HIGH
27.25000000000001,87.59999999999957,0.4463,HIGH
27.25000000000001,87.64999999999957,0.7464,VERY HIGH
27.25000000000001,87.69999999999956,0.4246,HIGH
27.25000000000001,87.74999999999956,0.4477,HIGH
27.25000000000001,87.79999999999956,0.6011,HIGH
27.25000000000001,87.84999999999955,0.7799,VERY HIGH
27.25000000000001,87.89999999999955,0.7545,VERY HIGH
27.25000000000001,87.94999999999955,0.7477,VERY HIGH
27.25000000000001,87.99999999999955,0.7105,VERY HIGH
27.25000000000001,88.04999999999954,0.7277,VERY HIGH
27.25000000000001,88.09999999999954,0.7158,VERY HIGH
27.25000000000001,88.14999999999954,0.7348,VERY HIGH
27.25000000000001,88.19999999999953,0.7501,VERY HIGH
27.30000000000001,82.09999999999988,0.6307,HIGH
27.30000000000001,82.34999999999987,0.6591,HIGH
27.30000000000001,82.39999999999986,0.6236,HIGH
27.30000000000001,83.4999999999998,0.7256,VERY HIGH
27.30000000000001,83.5499999999998,0.6428,HIGH
27.30000000000001,83.5999999999998,0.5033,HIGH
27.30000000000001,83.74999999999979,0.4877,HIGH
27.30000000000001,83.79999999999978,0.3851,MEDIUM
27.30000000000001,83.99999999999977,0.2327,LOW
27.30000000000001,84.09999999999977,0.6499,HIGH
27.30000000000001,84.14999999999976,0.741,VERY HIGH
27.30000000000001,84.19999999999976,0.6223,HIGH
27.30000000000001,84.29999999999976,0.5204,HIGH
27.30000000000001,84.44999999999975,0.2306,LOW
27.30000000000001,84.59999999999974,0.5944,HIGH
27.30000000000001,84.69999999999973,0.7086,VERY HIGH
27.30000000000001,84.74999999999973,0.7161,VERY HIGH
27.30000000000001,84.79999999999973,0.7112,VERY HIGH
27.30000000000001,84.84999999999972,0.7534,VERY HIGH
27.30000000000001,84.89999999999972,0.7351,VERY HIGH
27.30000000000001,84.94999999999972,0.6426,HIGH
27.30000000000001,85.09999999999971,0.6087,HIGH
27.30000000000001,85.14999999999971,0.7429,VERY HIGH
27.30000000000001,85.1999999999997,0.3908,MEDIUM
27.30000000000001,85.2499999999997,0.7121,VERY HIGH
27.30000000000001,85.2999999999997,0.5085,HIGH
27.30000000000001,85.3499999999997,0.64,HIGH
27.30000000000001,85.3999999999997,0.4277,HIGH
27.30000000000001,85.44999999999969,0.6946,HIGH
27.30000000000001,85.49999999999969,0.6719,HIGH
27.30000000000001,85.54999999999968,0.7586,VERY HIGH
27.30000000000001,85.59999999999968,0.6992,HIGH
27.30000000000001,85.64999999999968,0.6166,HIGH
27.30000000000001,85.69999999999968,0.7419,VERY HIGH
27.30000000000001,85.74999999999967,0.7332,VERY HIGH
27.30000000000001,85.79999999999967,0.7163,VERY HIGH
27.30000000000001,85.84999999999967,0.6669,HIGH
27.30000000000001,85.89999999999966,0.7386,VERY HIGH
27.30000000000001,85.99999999999966,0.6071,HIGH
27.30000000000001,86.04999999999966,0.4174,HIGH
27.30000000000001,86.09999999999965,0.4566,HIGH
27.30000000000001,86.14999999999965,0.2868,LOW
27.30000000000001,86.19999999999965,0.423,HIGH
27.30000000000001,86.24999999999964,0.3403,MEDIUM
27.30000000000001,86.29999999999964,0.7024,VERY HIGH
27.30000000000001,86.34999999999964,0.6352,HIGH
27.30000000000001,86.39999999999964,0.191,LOW
27.30000000000001,86.44999999999963,0.2234,LOW
27.30000000000001,86.49999999999963,0.491,HIGH
27.30000000000001,86.59999999999962,0.4314,HIGH
27.30000000000001,86.64999999999962,0.4905,HIGH
27.30000000000001,86.69999999999962,0.3077,MEDIUM
27.30000000000001,86.74999999999962,0.3283,MEDIUM
27.30000000000001,86.79999999999961,0.6461,HIGH
27.30000000000001,86.84999999999961,0.5312,HIGH
27.30000000000001,86.89999999999961,0.7337,VERY HIGH
27.30000000000001,86.9499999999996,0.7094,VERY HIGH
27.30000000000001,86.9999999999996,0.6309,HIGH
27.30000000000001,87.0499999999996,0.601,HIGH
27.30000000000001,87.0999999999996,0.6362,HIGH
27.30000000000001,87.1499999999996,0.5252,HIGH
27.30000000000001,87.24999999999959,0.629,HIGH
27.30000000000001,87.29999999999959,0.575,HIGH
27.30000000000001,87.34999999999958,0.5953,HIGH
27.30000000000001,87.39999999999958,0.7053,VERY HIGH
27.30000000000001,87.44999999999958,0.6115,HIGH
27.30000000000001,87.49999999999957,0.4448,HIGH
27.30000000000001,87.54999999999957,0.7396,VERY HIGH
27.30000000000001,87.59999999999957,0.7766,VERY HIGH
27.30000000000001,87.64999999999957,0.727,VERY HIGH
27.30000000000001,87.69999999999956,0.4415,HIGH
27.30000000000001,87.74999999999956,0.2979,LOW
27.30000000000001,87.79999999999956,0.7586,VERY HIGH
27.30000000000001,87.84999999999955,0.4611,HIGH
27.30000000000001,87.89999999999955,0.7687,VERY HIGH
27.30000000000001,87.94999999999955,0.7491,VERY HIGH
27.30000000000001,87.99999999999955,0.7087,VERY HIGH
27.30000000000001,88.04999999999954,0.7468,VERY HIGH
27.30000000000001,88.09999999999954,0.7277,VERY HIGH
27.30000000000001,88.14999999999954,0.7379,VERY HIGH
27.30000000000001,88.19999999999953,0.7257,VERY HIGH
27.350000000000016,82.09999999999988,0.5951,HIGH
27.350000000000016,82.14999999999988,0.7925,VERY HIGH
27.350000000000016,82.44999999999986,0.4333,HIGH
27.350000000000016,83.14999999999982,0.7922,VERY HIGH
27.350000000000016,83.5999999999998,0.6305,HIGH
27.350000000000016,83.64999999999979,0.728,VERY HIGH
27.350000000000016,83.89999999999978,0.4363,HIGH
27.350000000000016,83.99999999999977,0.7397,VERY HIGH
27.350000000000016,84.04999999999977,0.7754,VERY HIGH
27.350000000000016,84.09999999999977,0.6692,HIGH
27.350000000000016,84.14999999999976,0.3246,MEDIUM
27.350000000000016,84.19999999999976,0.7912,VERY HIGH
27.350000000000016,84.24999999999976,0.7692,VERY HIGH
27.350000000000016,84.29999999999976,0.6811,HIGH
27.350000000000016,84.34999999999975,0.6264,HIGH
27.350000000000016,84.39999999999975,0.6806,HIGH
27.350000000000016,84.44999999999975,0.6123,HIGH
27.350000000000016,84.49999999999974,0.5061,HIGH
27.350000000000016,84.54999999999974,0.4244,HIGH
27.350000000000016,84.59999999999974,0.4964,HIGH
27.350000000000016,84.64999999999974,0.7267,VERY HIGH
27.350000000000016,84.69999999999973,0.6781,HIGH
27.350000000000016,84.74999999999973,0.697,HIGH
27.350000000000016,84.79999999999973,0.6607,HIGH
27.350000000000016,84.84999999999972,0.6455,HIGH
27.350000000000016,84.89999999999972,0.7175,VERY HIGH
27.350000000000016,84.94999999999972,0.7075,VERY HIGH
27.350000000000016,84.99999999999972,0.689,HIGH
27.350000000000016,85.04999999999971,0.4747,HIGH
27.350000000000016,85.09999999999971,0.7164,VERY HIGH
27.350000000000016,85.14999999999971,0.5656,HIGH
27.350000000000016,85.1999999999997,0.5467,HIGH
27.350000000000016,85.2499999999997,0.4045,HIGH
27.350000000000016,85.2999999999997,0.7759,VERY HIGH
27.350000000000016,85.3999999999997,0.6653,HIGH
27.350000000000016,85.49999999999969,0.7124,VERY HIGH
27.350000000000016,85.54999999999968,0.6114,HIGH
27.350000000000016,85.59999999999968,0.4934,HIGH
27.350000000000016,85.64999999999968,0.4712,HIGH
27.350000000000016,85.69999999999968,0.7138,VERY HIGH
27.350000000000016,85.74999999999967,0.7097,VERY HIGH
27.350000000000016,85.79999999999967,0.7417,VERY HIGH
27.350000000000016,85.84999999999967,0.7326,VERY HIGH
27.350000000000016,85.89999999999966,0.7338,VERY HIGH
27.350000000000016,85.94999999999966,0.4827,HIGH
27.350000000000016,85.99999999999966,0.3122,MEDIUM
27.350000000000016,86.04999999999966,0.4496,HIGH
27.350000000000016,86.09999999999965,0.4243,HIGH
27.350000000000016,86.14999999999965,0.7454,VERY HIGH
27.350000000000016,86.19999999999965,0.3056,MEDIUM
27.350000000000016,86.24999999999964,0.4187,HIGH
27.350000000000016,86.29999999999964,0.5727,HIGH
27.350000000000016,86.34999999999964,0.7226,VERY HIGH
27.350000000000016,86.39999999999964,0.3857,MEDIUM
27.350000000000016,86.44999999999963,0.7274,VERY HIGH
27.350000000000016,86.49999999999963,0.7047,VERY HIGH
27.350000000000016,86.54999999999963,0.7441,VERY HIGH
27.350000000000016,86.59999999999962,0.7041,VERY HIGH
27.350000000000016,86.64999999999962,0.4808,HIGH
27.350000000000016,86.69999999999962,0.6527,HIGH
27.350000000000016,86.74999999999962,0.6421,HIGH
27.350000000000016,86.79999999999961,0.4847,HIGH
27.350000000000016,86.84999999999961,0.7363,VERY HIGH
27.350000000000016,86.89999999999961,0.7628,VERY HIGH
27.350000000000016,86.9499999999996,0.7814,VERY HIGH
27.350000000000016,86.9999999999996,0.7561,VERY HIGH
27.350000000000016,87.0499999999996,0.7215,VERY HIGH
27.350000000000016,87.0999999999996,0.6622,HIGH
27.350000000000016,87.1499999999996,0.6276,HIGH
27.350000000000016,87.19999999999959,0.469,HIGH
27.350000000000016,87.24999999999959,0.6933,HIGH
27.350000000000016,87.29999999999959,0.6008,HIGH
27.350000000000016,87.34999999999958,0.585,HIGH
27.350000000000016,87.39999999999958,0.7766,VERY HIGH
27.350000000000016,87.44999999999958,0.741,VERY HIGH
27.350000000000016,87.49999999999957,0.7612,VERY HIGH
27.350000000000016,87.54999999999957,0.7459,VERY HIGH
27.350000000000016,87.59999999999957,0.6028,HIGH
27.350000000000016,87.64999999999957,0.4382,HIGH
27.350000000000016,87.69999999999956,0.2546,LOW
27.350000000000016,87.74999999999956,0.7751,VERY HIGH
27.350000000000016,87.79999999999956,0.7888,VERY HIGH
27.350000000000016,87.84999999999955,0.2823,LOW
27.350000000000016,87.89999999999955,0.7877,VERY HIGH
27.350000000000016,87.94999999999955,0.7456,VERY HIGH
27.350000000000016,87.99999999999955,0.6734,HIGH
27.350000000000016,88.04999999999954,0.3485,MEDIUM
27.350000000000016,88.09999999999954,0.7277,VERY HIGH
27.350000000000016,88.14999999999954,0.741,VERY HIGH
27.350000000000016,88.19999999999953,0.7419,VERY HIGH
27.400000000000016,82.09999999999988,0.7746,VERY HIGH
27.400000000000016,82.14999999999988,0.3228,MEDIUM
27.400000000000016,82.54999999999986,0.362,MEDIUM
27.400000000000016,82.89999999999984,0.8447,VERY HIGH
27.400000000000016,83.19999999999982,0.8189,VERY HIGH
27.400000000000016,83.3999999999998,0.7164,VERY HIGH
27.400000000000016,83.5499999999998,0.3083,MEDIUM
27.400000000000016,83.94999999999978,0.8181,VERY HIGH
27.400000000000016,83.99999999999977,0.7925,VERY HIGH
27.400000000000016,84.04999999999977,0.8036,VERY HIGH
27.400000000000016,84.19999999999976,0.7966,VERY HIGH
27.400000000000016,84.24999999999976,0.825,VERY HIGH
27.400000000000016,84.29999999999976,0.7693,VERY HIGH
27.400000000000016,84.34999999999975,0.791,VERY HIGH
27.400000000000016,84.39999999999975,0.7486,VERY HIGH
27.400000000000016,84.44999999999975,0.7402,VERY HIGH
27.400000000000016,84.49999999999974,0.6335,HIGH
27.400000000000016,84.54999999999974,0.6227,HIGH
27.400000000000016,84.59999999999974,0.7358,VERY HIGH
27.400000000000016,84.64999999999974,0.7274,VERY HIGH
27.400000000000016,84.69999999999973,0.6712,HIGH
27.400000000000016,84.74999999999973,0.6971,HIGH
27.400000000000016,84.79999999999973,0.745,VERY HIGH
27.400000000000016,84.84999999999972,0.7547,VERY HIGH
27.400000000000016,84.89999999999972,0.4371,HIGH
27.400000000000016,84.94999999999972,0.5411,HIGH
27.400000000000016,85.04999999999971,0.3841,MEDIUM
27.400000000000016,85.14999999999971,0.7238,VERY HIGH
27.400000000000016,85.1999999999997,0.4222,HIGH
27.400000000000016,85.2499999999997,0.7072,VERY HIGH
27.400000000000016,85.2999999999997,0.3841,MEDIUM
27.400000000000016,85.3499999999997,0.7328,VERY HIGH
27.400000000000016,85.3999999999997,0.3584,MEDIUM
27.400000000000016,85.44999999999969,0.7441,VERY HIGH
27.400000000000016,85.49999999999969,0.6801,HIGH
27.400000000000016,85.54999999999968,0.7242,VERY HIGH
27.400000000000016,85.59999999999968,0.7803,VERY HIGH
27.400000000000016,85.64999999999968,0.7016,VERY HIGH
27.400000000000016,85.74999999999967,0.7204,VERY HIGH
27.400000000000016,85.79999999999967,0.7178,VERY HIGH
27.400000000000016,85.84999999999967,0.2988,LOW
27.400000000000016,85.89999999999966,0.4225,HIGH
27.400000000000016,85.99999999999966,0.4052,HIGH
27.400000000000016,86.04999999999966,0.4335,HIGH
27.400000000000016,86.09999999999965,0.4508,HIGH
27.400000000000016,86.14999999999965,0.2967,LOW
27.400000000000016,86.19999999999965,0.4647,HIGH
27.400000000000016,86.24999999999964,0.2815,LOW
27.400000000000016,86.29999999999964,0.5299,HIGH
27.400000000000016,86.34999999999964,0.7143,VERY HIGH
27.400000000000016,86.39999999999964,0.6977,HIGH
27.400000000000016,86.44999999999963,0.7411,VERY HIGH
27.400000000000016,86.49999999999963,0.4993,HIGH
27.400000000000016,86.59999999999962,0.5002,HIGH
27.400000000000016,86.64999999999962,0.6658,HIGH
27.400000000000016,86.69999999999962,0.4731,HIGH
27.400000000000016,86.74999999999962,0.6702,HIGH
27.400000000000016,86.79999999999961,0.7675,VERY HIGH
27.400000000000016,86.84999999999961,0.761,VERY HIGH
27.400000000000016,86.89999999999961,0.768,VERY HIGH
27.400000000000016,86.9499999999996,0.7775,VERY HIGH
27.400000000000016,86.9999999999996,0.7088,VERY HIGH
27.400000000000016,87.0499999999996,0.5985,HIGH
27.400000000000016,87.0999999999996,0.6375,HIGH
27.400000000000016,87.1499999999996,0.4648,HIGH
27.400000000000016,87.19999999999959,0.4772,HIGH
27.400000000000016,87.24999999999959,0.57,HIGH
27.400000000000016,87.29999999999959,0.3864,MEDIUM
27.400000000000016,87.34999999999958,0.7479,VERY HIGH
27.400000000000016,87.39999999999958,0.7343,VERY HIGH
27.400000000000016,87.44999999999958,0.6164,HIGH
27.400000000000016,87.49999999999957,0.8035,VERY HIGH
27.400000000000016,87.54999999999957,0.7375,VERY HIGH
27.400000000000016,87.59999999999957,0.77,VERY HIGH
27.400000000000016,87.64999999999957,0.733,VERY HIGH
27.400000000000016,87.69999999999956,0.7589,VERY HIGH
27.400000000000016,87.74999999999956,0.74,VERY HIGH
27.400000000000016,87.79999999999956,0.7695,VERY HIGH
27.400000000000016,87.84999999999955,0.5681,HIGH
27.400000000000016,87.89999999999955,0.7739,VERY HIGH
27.400000000000016,87.94999999999955,0.7323,VERY HIGH
27.400000000000016,87.99999999999955,0.6979,HIGH
27.400000000000016,88.09999999999954,0.3601,MEDIUM
27.400000000000016,88.14999999999954,0.3884,MEDIUM
27.400000000000016,88.19999999999953,0.7314,VERY HIGH
27.450000000000017,82.44999999999986,0.6724,HIGH
27.450000000000017,83.69999999999979,0.6898,HIGH
27.450000000000017,83.89999999999978,0.4253,HIGH
27.450000000000017,83.94999999999978,0.8004,VERY HIGH
27.450000000000017,83.99999999999977,0.7976,VERY HIGH
27.450000000000017,84.04999999999977,0.7839,VERY HIGH
27.450000000000017,84.09999999999977,0.7956,VERY HIGH
27.450000000000017,84.14999999999976,0.8172,VERY HIGH
27.450000000000017,84.19999999999976,0.8109,VERY HIGH
27.450000000000017,84.24999999999976,0.792,VERY HIGH
27.450000000000017,84.39999999999975,0.7802,VERY HIGH
27.450000000000017,84.44999999999975,0.8476,VERY HIGH
27.450000000000017,84.49999999999974,0.8418,VERY HIGH
27.450000000000017,84.54999999999974,0.8232,VERY HIGH
27.450000000000017,84.59999999999974,0.792,VERY HIGH
27.450000000000017,84.64999999999974,0.7522,VERY HIGH
27.450000000000017,84.69999999999973,0.6812,HIGH
27.450000000000017,84.74999999999973,0.7202,VERY HIGH
27.450000000000017,84.79999999999973,0.7387,VERY HIGH
27.450000000000017,84.84999999999972,0.7478,VERY HIGH
27.450000000000017,84.89999999999972,0.4272,HIGH
27.450000000000017,84.99999999999972,0.7001,VERY HIGH
27.450000000000017,85.04999999999971,0.432,HIGH
27.450000000000017,85.09999999999971,0.4663,HIGH
27.450000000000017,85.14999999999971,0.3464,MEDIUM
27.450000000000017,85.1999999999997,0.6853,HIGH
27.450000000000017,85.2499999999997,0.4435,HIGH
27.450000000000017,85.3499999999997,0.7109,VERY HIGH
27.450000000000017,85.3999999999997,0.7015,VERY HIGH
27.450000000000017,85.44999999999969,0.7752,VERY HIGH
27.450000000000017,85.49999999999969,0.6949,HIGH
27.450000000000017,85.54999999999968,0.743,VERY HIGH
27.450000000000017,85.59999999999968,0.7457,VERY HIGH
27.450000000000017,85.64999999999968,0.7482,VERY HIGH
27.450000000000017,85.69999999999968,0.7355,VERY HIGH
27.450000000000017,85.74999999999967,0.6665,HIGH
27.450000000000017,85.89999999999966,0.6537,HIGH
27.450000000000017,85.94999999999966,0.4709,HIGH
27.450000000000017,85.99999999999966,0.309,MEDIUM
27.450000000000017,86.04999999999966,0.4592,HIGH
27.450000000000017,86.09999999999965,0.4561,HIGH
27.450000000000017,86.14999999999965,0.7011,VERY HIGH
27.450000000000017,86.19999999999965,0.7653,VERY HIGH
27.450000000000017,86.24999999999964,0.658,HIGH
27.450000000000017,86.29999999999964,0.7932,VERY HIGH
27.450000000000017,86.34999999999964,0.7635,VERY HIGH
27.450000000000017,86.39999999999964,0.7012,VERY HIGH
27.450000000000017,86.44999999999963,0.5918,HIGH
27.450000000000017,86.49999999999963,0.409,HIGH
27.450000000000017,86.54999999999963,0.739,VERY HIGH
27.450000000000017,86.59999999999962,0.4566,HIGH
27.450000000000017,86.64999999999962,0.7449,VERY HIGH
27.450000000000017,86.69999999999962,0.4402,HIGH
27.450000000000017,86.74999999999962,0.7604,VERY HIGH
27.450000000000017,86.79999999999961,0.7829,VERY HIGH
27.450000000000017,86.84999999999961,0.7688,VERY HIGH
27.450000000000017,86.89999999999961,0.7877,VERY HIGH
27.450000000000017,86.9499999999996,0.4295,HIGH
27.450000000000017,86.9999999999996,0.7418,VERY HIGH
27.450000000000017,87.0499999999996,0.7241,VERY HIGH
27.450000000000017,87.0999999999996,0.6813,HIGH
27.450000000000017,87.1499999999996,0.5267,HIGH
27.450000000000017,87.19999999999959,0.7489,VERY HIGH
27.450000000000017,87.24999999999959,0.7527,VERY HIGH
27.450000000000017,87.29999999999959,0.7346,VERY HIGH
27.450000000000017,87.34999999999958,0.657,HIGH
27.450000000000017,87.39999999999958,0.7203,VERY HIGH
27.450000000000017,87.44999999999958,0.4167,HIGH
27.450000000000017,87.49999999999957,0.316,MEDIUM
27.450000000000017,87.54999999999957,0.7333,VERY HIGH
27.450000000000017,87.59999999999957,0.5895,HIGH
27.450000000000017,87.64999999999957,0.7453,VERY HIGH
27.450000000000017,87.69999999999956,0.6219,HIGH
27.450000000000017,87.74999999999956,0.7,HIGH
27.450000000000017,87.79999999999956,0.2737,LOW
27.450000000000017,87.84999999999955,0.3957,MEDIUM
27.450000000000017,87.89999999999955,0.7284,VERY HIGH
27.450000000000017,87.94999999999955,0.6952,HIGH
27.450000000000017,87.99999999999955,0.7058,VERY HIGH
27.450000000000017,88.04999999999954,0.4865,HIGH
27.450000000000017,88.09999999999954,0.6093,HIGH
27.450000000000017,88.14999999999954,0.7277,VERY HIGH
27.450000000000017,88.19999999999953,0.4585,HIGH
27.500000000000018,81.54999999999991,0.7044,VERY HIGH
27.500000000000018,81.7999999999999,0.78,VERY HIGH
27.500000000000018,81.89999999999989,0.7875,VERY HIGH
27.500000000000018,81.94999999999989,0.7602,VERY HIGH
27.500000000000018,81.99999999999989,0.6911,HIGH
27.500000000000018,82.09999999999988,0.7357,VERY HIGH
27.500000000000018,82.29999999999987,0.5802,HIGH
27.500000000000018,82.69999999999985,0.7811,VERY HIGH
27.500000000000018,82.89999999999984,0.7991,VERY HIGH
27.500000000000018,83.34999999999981,0.812,VERY HIGH
27.500000000000018,83.5999999999998,0.7258,VERY HIGH
27.500000000000018,83.84999999999978,0.4158,HIGH
27.500000000000018,83.89999999999978,0.7533,VERY HIGH
27.500000000000018,83.94999999999978,0.6463,HIGH
27.500000000000018,83.99999999999977,0.8055,VERY HIGH
27.500000000000018,84.04999999999977,0.8501,VERY HIGH
27.500000000000018,84.09999999999977,0.8287,VERY HIGH
27.500000000000018,84.14999999999976,0.8231,VERY HIGH
27.500000000000018,84.19999999999976,0.797,VERY HIGH
27.500000000000018,84.24999999999976,0.765,VERY HIGH
27.500000000000018,84.29999999999976,0.6476,HIGH
27.500000000000018,84.34999999999975,0.7884,VERY HIGH
27.500000000000018,84.39999999999975,0.8344,VERY HIGH
27.500000000000018,84.44999999999975,0.8465,VERY HIGH
27.500000000000018,84.49999999999974,0.8435,VERY HIGH
27.500000000000018,84.54999999999974,0.7975,VERY HIGH
27.500000000000018,84.59999999999974,0.6618,HIGH
27.500000000000018,84.64999999999974,0.5996,HIGH
27.500000000000018,84.69999999999973,0.5472,HIGH
27.500000000000018,84.74999999999973,0.6404,HIGH
27.500000000000018,84.79999999999973,0.6457,HIGH
27.500000000000018,84.84999999999972,0.4321,HIGH
27.500000000000018,84.89999999999972,0.5997,HIGH
27.500000000000018,84.94999999999972,0.6787,HIGH
27.500000000000018,84.99999999999972,0.5905,HIGH
27.500000000000018,85.04999999999971,0.3676,MEDIUM
27.500000000000018,85.14999999999971,0.3601,MEDIUM
27.500000000000018,85.1999999999997,0.5599,HIGH
27.500000000000018,85.2499999999997,0.328,MEDIUM
27.500000000000018,85.2999999999997,0.3666,MEDIUM
27.500000000000018,85.3499999999997,0.5037,HIGH
27.500000000000018,85.3999999999997,0.7183,VERY HIGH
27.500000000000018,85.44999999999969,0.4716,HIGH
27.500000000000018,85.49999999999969,0.7522,VERY HIGH
27.500000000000018,85.54999999999968,0.7417,VERY HIGH
27.500000000000018,85.59999999999968,0.6288,HIGH
27.500000000000018,85.64999999999968,0.4698,HIGH
27.500000000000018,85.69999999999968,0.4543,HIGH
27.500000000000018,85.79999999999967,0.3342,MEDIUM
27.500000000000018,85.84999999999967,0.4718,HIGH
27.500000000000018,85.89999999999966,0.667,HIGH
27.500000000000018,85.94999999999966,0.7144,VERY HIGH
27.500000000000018,85.99999999999966,0.6844,HIGH
27.500000000000018,86.04999999999966,0.6615,HIGH
27.500000000000018,86.09999999999965,0.4703,HIGH
27.500000000000018,86.14999999999965,0.6213,HIGH
27.500000000000018,86.19999999999965,0.5986,HIGH
27.500000000000018,86.24999999999964,0.7688,VERY HIGH
27.500000000000018,86.29999999999964,0.4481,HIGH
27.500000000000018,86.34999999999964,0.4238,HIGH
27.500000000000018,86.39999999999964,0.7636,VERY HIGH
27.500000000000018,86.44999999999963,0.5005,HIGH
27.500000000000018,86.49999999999963,0.7443,VERY HIGH
27.500000000000018,86.54999999999963,0.7372,VERY HIGH
27.500000000000018,86.59999999999962,0.6503,HIGH
27.500000000000018,86.64999999999962,0.2538,LOW
27.500000000000018,86.69999999999962,0.3624,MEDIUM
27.500000000000018,86.74999999999962,0.6606,HIGH
27.500000000000018,86.79999999999961,0.5574,HIGH
27.500000000000018,86.84999999999961,0.381,MEDIUM
27.500000000000018,86.89999999999961,0.7177,VERY HIGH
27.500000000000018,86.9499999999996,0.4181,HIGH
27.500000000000018,86.9999999999996,0.8108,VERY HIGH
27.500000000000018,87.0499999999996,0.7378,VERY HIGH
27.500000000000018,87.0999999999996,0.423,HIGH
27.500000000000018,87.1499999999996,0.6957,HIGH
27.500000000000018,87.19999999999959,0.5146,HIGH
27.500000000000018,87.24999999999959,0.6496,HIGH
27.500000000000018,87.29999999999959,0.7454,VERY HIGH
27.500000000000018,87.34999999999958,0.7336,VERY HIGH
27.500000000000018,87.39999999999958,0.25,LOW
27.500000000000018,87.44999999999958,0.2535,LOW
27.500000000000018,87.49999999999957,0.7649,VERY HIGH
27.500000000000018,87.54999999999957,0.6212,HIGH
27.500000000000018,87.59999999999957,0.6017,HIGH
27.500000000000018,87.64999999999957,0.7774,VERY HIGH
27.500000000000018,87.69999999999956,0.742,VERY HIGH
27.500000000000018,87.74999999999956,0.4984,HIGH
27.500000000000018,87.79999999999956,0.7245,VERY HIGH
27.500000000000018,87.84999999999955,0.6972,HIGH
27.500000000000018,87.89999999999955,0.4625,HIGH
27.500000000000018,87.94999999999955,0.3958,MEDIUM
27.500000000000018,87.99999999999955,0.6247,HIGH
27.55000000000002,81.6499999999999,0.3512,MEDIUM
27.55000000000002,82.24999999999987,0.3387,MEDIUM
27.55000000000002,82.69999999999985,0.7729,VERY HIGH
27.55000000000002,82.79999999999984,0.6669,HIGH
27.55000000000002,83.3999999999998,0.5267,HIGH
27.55000000000002,83.79999999999978,0.3906,MEDIUM
27.55000000000002,83.84999999999978,0.6895,HIGH
27.55000000000002,83.89999999999978,0.7616,VERY HIGH
27.55000000000002,83.94999999999978,0.6527,HIGH
27.55000000000002,84.14999999999976,0.5948,HIGH
27.55000000000002,84.19999999999976,0.4297,HIGH
27.55000000000002,84.24999999999976,0.4256,HIGH
27.55000000000002,84.29999999999976,0.6445,HIGH
27.55000000000002,84.34999999999975,0.7386,VERY HIGH
27.55000000000002,84.39999999999975,0.6452,HIGH
27.55000000000002,84.44999999999975,0.5131,HIGH
27.55000000000002,84.49999999999974,0.5234,HIGH
27.55000000000002,84.54999999999974,0.4895,HIGH
27.55000000000002,84.59999999999974,0.6584,HIGH
27.55000000000002,84.64999999999974,0.7667,VERY HIGH
27.55000000000002,84.69999999999973,0.7163,VERY HIGH
27.55000000000002,84.74999999999973,0.3733,MEDIUM
27.55000000000002,84.79999999999973,0.7378,VERY HIGH
27.55000000000002,84.89999999999972,0.7598,VERY HIGH
27.55000000000002,84.94999999999972,0.6933,HIGH
27.55000000000002,84.99999999999972,0.6668,HIGH
27.55000000000002,85.04999999999971,0.6096,HIGH
27.55000000000002,85.09999999999971,0.5693,HIGH
27.55000000000002,85.14999999999971,0.6772,HIGH
27.55000000000002,85.1999999999997,0.712,VERY HIGH
27.55000000000002,85.2499999999997,0.3997,MEDIUM
27.55000000000002,85.2999999999997,0.714,VERY HIGH
27.55000000000002,85.3499999999997,0.3073,MEDIUM
27.55000000000002,85.3999999999997,0.7683,VERY HIGH
27.55000000000002,85.44999999999969,0.7684,VERY HIGH
27.55000000000002,85.49999999999969,0.6945,HIGH
27.55000000000002,85.54999999999968,0.5684,HIGH
27.55000000000002,85.64999999999968,0.2934,LOW
27.55000000000002,85.69999999999968,0.6537,HIGH
27.55000000000002,85.79999999999967,0.4308,HIGH
27.55000000000002,85.89999999999966,0.5297,HIGH
27.55000000000002,85.94999999999966,0.7648,VERY HIGH
27.55000000000002,85.99999999999966,0.8078,VERY HIGH
27.55000000000002,86.04999999999966,0.7908,VERY HIGH
27.55000000000002,86.14999999999965,0.5197,HIGH
27.55000000000002,86.19999999999965,0.4792,HIGH
27.55000000000002,86.24999999999964,0.6919,HIGH
27.55000000000002,86.29999999999964,0.5017,HIGH
27.55000000000002,86.34999999999964,0.4538,HIGH
27.55000000000002,86.39999999999964,0.7068,VERY HIGH
27.55000000000002,86.44999999999963,0.7324,VERY HIGH
27.55000000000002,86.49999999999963,0.74,VERY HIGH
27.55000000000002,86.54999999999963,0.7326,VERY HIGH
27.55000000000002,86.59999999999962,0.709,VERY HIGH
27.55000000000002,86.64999999999962,0.7536,VERY HIGH
27.55000000000002,86.69999999999962,0.4409,HIGH
27.55000000000002,86.74999999999962,0.4252,HIGH
27.55000000000002,86.79999999999961,0.7582,VERY HIGH
27.55000000000002,86.84999999999961,0.649,HIGH
27.55000000000002,86.89999999999961,0.6744,HIGH
27.55000000000002,86.9499999999996,0.6707,HIGH
27.55000000000002,86.9999999999996,0.7458,VERY HIGH
27.55000000000002,87.0499999999996,0.7572,VERY HIGH
27.55000000000002,87.0999999999996,0.7106,VERY HIGH
27.55000000000002,87.1499999999996,0.6772,HIGH
27.55000000000002,87.19999999999959,0.755,VERY HIGH
27.55000000000002,87.24999999999959,0.5988,HIGH
27.55000000000002,87.29999999999959,0.7469,VERY HIGH
27.55000000000002,87.34999999999958,0.4952,HIGH
27.55000000000002,87.39999999999958,0.382,MEDIUM
27.55000000000002,87.44999999999958,0.355,MEDIUM
27.55000000000002,87.49999999999957,0.4068,HIGH
27.55000000000002,87.54999999999957,0.7555,VERY HIGH
27.55000000000002,87.59999999999957,0.7234,VERY HIGH
27.55000000000002,87.64999999999957,0.7244,VERY HIGH
27.55000000000002,87.69999999999956,0.315,MEDIUM
27.55000000000002,87.74999999999956,0.7104,VERY HIGH
27.55000000000002,87.79999999999956,0.691,HIGH
27.55000000000002,87.84999999999955,0.6339,HIGH
27.55000000000002,87.89999999999955,0.6852,HIGH
27.55000000000002,87.94999999999955,0.7076,VERY HIGH
27.60000000000002,81.54999999999991,0.7612,VERY HIGH
27.60000000000002,81.6999999999999,0.6554,HIGH
27.60000000000002,82.44999999999986,0.6257,HIGH
27.60000000000002,82.49999999999986,0.6448,HIGH
27.60000000000002,82.69999999999985,0.6667,HIGH
27.60000000000002,82.79999999999984,0.4898,HIGH
27.60000000000002,82.94999999999983,0.5194,HIGH
27.60000000000002,83.34999999999981,0.6296,HIGH
27.60000000000002,83.3999999999998,0.1806,LOW
27.60000000000002,83.5999999999998,0.4088,HIGH
27.60000000000002,83.74999999999979,0.6466,HIGH
27.60000000000002,83.79999999999978,0.7598,VERY HIGH
27.60000000000002,83.84999999999978,0.5863,HIGH
27.60000000000002,83.89999999999978,0.7021,VERY HIGH
27.60000000000002,83.94999999999978,0.4797,HIGH
27.60000000000002,83.99999999999977,0.6257,HIGH
27.60000000000002,84.04999999999977,0.3403,MEDIUM
27.60000000000002,84.14999999999976,0.3754,MEDIUM
27.60000000000002,84.24999999999976,0.4033,HIGH
27.60000000000002,84.44999999999975,0.6211,HIGH
27.60000000000002,84.54999999999974,0.464,HIGH
27.60000000000002,84.69999999999973,0.6496,HIGH
27.60000000000002,84.74999999999973,0.4065,HIGH
27.60000000000002,84.84999999999972,0.7419,VERY HIGH
27.60000000000002,84.89999999999972,0.6119,HIGH
27.60000000000002,84.94999999999972,0.7736,VERY HIGH
27.60000000000002,84.99999999999972,0.7626,VERY HIGH
27.60000000000002,85.04999999999971,0.7288,VERY HIGH
27.60000000000002,85.09999999999971,0.7129,VERY HIGH
27.60000000000002,85.14999999999971,0.4415,HIGH
27.60000000000002,85.1999999999997,0.7337,VERY HIGH
27.60000000000002,85.2499999999997,0.6258,HIGH
27.60000000000002,85.2999999999997,0.4464,HIGH
27.60000000000002,85.3999999999997,0.7403,VERY HIGH
27.60000000000002,85.44999999999969,0.6545,HIGH
27.60000000000002,85.54999999999968,0.6573,HIGH
27.60000000000002,85.59999999999968,0.6985,HIGH
27.60000000000002,85.64999999999968,0.4473,HIGH
27.60000000000002,85.69999999999968,0.4259,HIGH
27.60000000000002,85.74999999999967,0.2595,LOW
27.60000000000002,85.79999999999967,0.2634,LOW
27.60000000000002,85.84999999999967,0.4362,HIGH
27.60000000000002,85.89999999999966,0.7543,VERY HIGH
27.60000000000002,85.94999999999966,0.768,VERY HIGH
27.60000000000002,85.99999999999966,0.6598,HIGH
27.60000000000002,86.04999999999966,0.7941,VERY HIGH
27.60000000000002,86.09999999999965,0.8273,VERY HIGH
27.60000000000002,86.14999999999965,0.7456,VERY HIGH
27.60000000000002,86.19999999999965,0.7256,VERY HIGH
27.60000000000002,86.24999999999964,0.5254,HIGH
27.60000000000002,86.29999999999964,0.6558,HIGH
27.60000000000002,86.34999999999964,0.7305,VERY HIGH
27.60000000000002,86.39999999999964,0.5131,HIGH
27.60000000000002,86.44999999999963,0.7233,VERY HIGH
27.60000000000002,86.49999999999963,0.1719,LOW
27.60000000000002,86.54999999999963,0.389,MEDIUM
27.60000000000002,86.59999999999962,0.5978,HIGH
27.60000000000002,86.64999999999962,0.6848,HIGH
27.60000000000002,86.69999999999962,0.7233,VERY HIGH
27.60000000000002,86.74999999999962,0.7064,VERY HIGH
27.60000000000002,86.79999999999961,0.3656,MEDIUM
27.60000000000002,86.89999999999961,0.6089,HIGH
27.60000000000002,86.9499999999996,0.1785,LOW
27.60000000000002,86.9999999999996,0.7195,VERY HIGH
27.60000000000002,87.0499999999996,0.3274,MEDIUM
27.60000000000002,87.0999999999996,0.3692,MEDIUM
27.60000000000002,87.1499999999996,0.7577,VERY HIGH
27.60000000000002,87.19999999999959,0.737,VERY HIGH
27.60000000000002,87.24999999999959,0.5982,HIGH
27.60000000000002,87.29999999999959,0.7228,VERY HIGH
27.60000000000002,87.34999999999958,0.3364,MEDIUM
27.60000000000002,87.39999999999958,0.6425,HIGH
27.60000000000002,87.44999999999958,0.6566,HIGH
27.60000000000002,87.59999999999957,0.6782,HIGH
27.60000000000002,87.64999999999957,0.7027,VERY HIGH
27.60000000000002,87.69999999999956,0.5462,HIGH
27.60000000000002,87.74999999999956,0.4536,HIGH
27.60000000000002,87.79999999999956,0.5224,HIGH
27.60000000000002,87.84999999999955,0.602,HIGH
27.60000000000002,87.89999999999955,0.2218,LOW
27.60000000000002,88.04999999999954,0.458,HIGH
27.65000000000002,81.59999999999991,0.7674,VERY HIGH
27.65000000000002,81.8499999999999,0.7838,VERY HIGH
27.65000000000002,82.19999999999987,0.1646,LOW
27.65000000000002,82.39999999999986,0.4467,HIGH
27.65000000000002,82.44999999999986,0.7062,VERY HIGH
27.65000000000002,82.49999999999986,0.6879,HIGH
27.65000000000002,82.54999999999986,0.599,HIGH
27.65000000000002,82.59999999999985,0.4787,HIGH
27.65000000000002,82.69999999999985,0.7561,VERY HIGH
27.65000000000002,82.74999999999984,0.6212,HIGH
27.65000000000002,82.79999999999984,0.4994,HIGH
27.65000000000002,82.94999999999983,0.4502,HIGH
27.65000000000002,83.04999999999983,0.5583,HIGH
27.65000000000002,83.09999999999982,0.2196,LOW
27.65000000000002,83.19999999999982,0.6131,HIGH
27.65000000000002,83.24999999999982,0.4969,HIGH
27.65000000000002,83.29999999999981,0.3876,MEDIUM
27.65000000000002,83.4999999999998,0.6432,HIGH
27.65000000000002,83.5499999999998,0.6482,HIGH
27.65000000000002,83.64999999999979,0.3861,MEDIUM
27.65000000000002,83.69999999999979,0.7681,VERY HIGH
27.65000000000002,83.74999999999979,0.7821,VERY HIGH
27.65000000000002,83.79999999999978,0.7715,VERY HIGH
27.65000000000002,83.84999999999978,0.563,HIGH
27.65000000000002,83.89999999999978,0.7958,VERY HIGH
27.65000000000002,84.04999999999977,0.6952,HIGH
27.65000000000002,84.14999999999976,0.5336,HIGH
27.65000000000002,84.19999999999976,0.7164,VERY HIGH
27.65000000000002,84.24999999999976,0.4528,HIGH
27.65000000000002,84.34999999999975,0.6047,HIGH
27.65000000000002,84.44999999999975,0.4969,HIGH
27.65000000000002,84.54999999999974,0.4985,HIGH
27.65000000000002,84.59999999999974,0.3928,MEDIUM
27.65000000000002,84.64999999999974,0.3915,MEDIUM
27.65000000000002,84.69999999999973,0.4141,HIGH
27.65000000000002,84.74999999999973,0.4308,HIGH
27.65000000000002,84.79999999999973,0.7594,VERY HIGH
27.65000000000002,84.84999999999972,0.58,HIGH
27.65000000000002,84.89999999999972,0.715,VERY HIGH
27.65000000000002,84.94999999999972,0.6424,HIGH
27.65000000000002,84.99999999999972,0.693,HIGH
27.65000000000002,85.04999999999971,0.646,HIGH
27.65000000000002,85.09999999999971,0.6514,HIGH
27.65000000000002,85.2499999999997,0.7192,VERY HIGH
27.65000000000002,85.49999999999969,0.7182,VERY HIGH
27.65000000000002,85.54999999999968,0.247,LOW
27.65000000000002,85.64999999999968,0.5102,HIGH
27.65000000000002,85.69999999999968,0.4212,HIGH
27.65000000000002,85.74999999999967,0.6264,HIGH
27.65000000000002,85.79999999999967,0.7114,VERY HIGH
27.65000000000002,85.84999999999967,0.7415,VERY HIGH
27.65000000000002,85.89999999999966,0.7594,VERY HIGH
27.65000000000002,85.94999999999966,0.4952,HIGH
27.65000000000002,85.99999999999966,0.6887,HIGH
27.65000000000002,86.04999999999966,0.756,VERY HIGH
27.65000000000002,86.09999999999965,0.7425,VERY HIGH
27.65000000000002,86.14999999999965,0.7089,VERY HIGH
27.65000000000002,86.19999999999965,0.7692,VERY HIGH
27.65000000000002,86.24999999999964,0.6114,HIGH
27.65000000000002,86.29999999999964,0.2739,LOW
27.65000000000002,86.34999999999964,0.6057,HIGH
27.65000000000002,86.39999999999964,0.7476,VERY HIGH
27.65000000000002,86.44999999999963,0.589,HIGH
27.65000000000002,86.49999999999963,0.1562,LOW
27.65000000000002,86.54999999999963,0.3466,MEDIUM
27.65000000000002,86.64999999999962,0.7438,VERY HIGH
27.65000000000002,86.69999999999962,0.6057,HIGH
27.65000000000002,86.74999999999962,0.2355,LOW
27.65000000000002,86.79999999999961,0.3794,MEDIUM
27.65000000000002,86.9499999999996,0.7403,VERY HIGH
27.65000000000002,86.9999999999996,0.4132,HIGH
27.65000000000002,87.0999999999996,0.6652,HIGH
27.65000000000002,87.1499999999996,0.5283,HIGH
27.65000000000002,87.19999999999959,0.7391,VERY HIGH
27.65000000000002,87.24999999999959,0.7439,VERY HIGH
27.65000000000002,87.29999999999959,0.497,HIGH
27.65000000000002,87.34999999999958,0.6664,HIGH
27.65000000000002,87.39999999999958,0.2459,LOW
27.65000000000002,87.44999999999958,0.1982,LOW
27.65000000000002,87.69999999999956,0.636,HIGH
27.65000000000002,87.74999999999956,0.3635,MEDIUM
27.65000000000002,87.79999999999956,0.504,HIGH
27.65000000000002,87.94999999999955,0.2164,LOW
27.70000000000002,81.89999999999989,0.3569,MEDIUM
27.70000000000002,81.94999999999989,0.4396,HIGH
27.70000000000002,81.99999999999989,0.5778,HIGH
27.70000000000002,82.29999999999987,0.351,MEDIUM
27.70000000000002,82.34999999999987,0.5209,HIGH
27.70000000000002,82.39999999999986,0.4782,HIGH
27.70000000000002,82.44999999999986,0.4452,HIGH
27.70000000000002,82.49999999999986,0.4364,HIGH
27.70000000000002,82.54999999999986,0.456,HIGH
27.70000000000002,82.59999999999985,0.4863,HIGH
27.70000000000002,82.64999999999985,0.4827,HIGH
27.70000000000002,82.69999999999985,0.6886,HIGH
27.70000000000002,82.74999999999984,0.6837,HIGH
27.70000000000002,82.79999999999984,0.4755,HIGH
27.70000000000002,82.84999999999984,0.5559,HIGH
27.70000000000002,82.89999999999984,0.6832,HIGH
27.70000000000002,82.94999999999983,0.5762,HIGH
27.70000000000002,82.99999999999983,0.2434,LOW
27.70000000000002,83.04999999999983,0.5966,HIGH
27.70000000000002,83.09999999999982,0.6093,HIGH
27.70000000000002,83.14999999999982,0.4659,HIGH
27.70000000000002,83.24999999999982,0.6031,HIGH
27.70000000000002,83.29999999999981,0.3784,MEDIUM
27.70000000000002,83.3999999999998,0.5971,HIGH
27.70000000000002,83.4499999999998,0.3316,MEDIUM
27.70000000000002,83.4999999999998,0.6255,HIGH
27.70000000000002,83.5499999999998,0.7184,VERY HIGH
27.70000000000002,83.5999999999998,0.5009,HIGH
27.70000000000002,83.64999999999979,0.7373,VERY HIGH
27.70000000000002,83.69999999999979,0.7867,VERY HIGH
27.70000000000002,83.74999999999979,0.7816,VERY HIGH
27.70000000000002,83.79999999999978,0.815,VERY HIGH
27.70000000000002,83.84999999999978,0.8204,VERY HIGH
27.70000000000002,83.89999999999978,0.8192,VERY HIGH
27.70000000000002,83.94999999999978,0.8045,VERY HIGH
27.70000000000002,83.99999999999977,0.7954,VERY HIGH
27.70000000000002,84.04999999999977,0.7176,VERY HIGH
27.70000000000002,84.09999999999977,0.6638,HIGH
27.70000000000002,84.14999999999976,0.7287,VERY HIGH
27.70000000000002,84.49999999999974,0.7384,VERY HIGH
27.70000000000002,84.54999999999974,0.675,HIGH
27.70000000000002,84.59999999999974,0.5229,HIGH
27.70000000000002,84.64999999999974,0.6204,HIGH
27.70000000000002,84.69999999999973,0.7664,VERY HIGH
27.70000000000002,84.79999999999973,0.7021,VERY HIGH
27.70000000000002,84.84999999999972,0.6949,HIGH
27.70000000000002,84.89999999999972,0.76,VERY HIGH
27.70000000000002,84.94999999999972,0.6913,HIGH
27.70000000000002,84.99999999999972,0.6048,HIGH
27.70000000000002,85.04999999999971,0.4787,HIGH
27.70000000000002,85.09999999999971,0.6699,HIGH
27.70000000000002,85.14999999999971,0.6013,HIGH
27.70000000000002,85.1999999999997,0.5945,HIGH
27.70000000000002,85.2499999999997,0.2599,LOW
27.70000000000002,85.3999999999997,0.2643,LOW
27.70000000000002,85.49999999999969,0.757,VERY HIGH
27.70000000000002,85.54999999999968,0.6938,HIGH
27.70000000000002,85.64999999999968,0.6642,HIGH
27.70000000000002,85.69999999999968,0.6055,HIGH
27.70000000000002,85.74999999999967,0.627,HIGH
27.70000000000002,85.79999999999967,0.6976,HIGH
27.70000000000002,85.84999999999967,0.72,VERY HIGH
27.70000000000002,85.89999999999966,0.7595,VERY HIGH
27.70000000000002,85.94999999999966,0.5102,HIGH
27.70000000000002,85.99999999999966,0.6825,HIGH
27.70000000000002,86.04999999999966,0.5444,HIGH
27.70000000000002,86.09999999999965,0.7392,VERY HIGH
27.70000000000002,86.14999999999965,0.7074,VERY HIGH
27.70000000000002,86.19999999999965,0.7575,VERY HIGH
27.70000000000002,86.24999999999964,0.732,VERY HIGH
27.70000000000002,86.29999999999964,0.714,VERY HIGH
27.70000000000002,86.34999999999964,0.7443,VERY HIGH
27.70000000000002,86.39999999999964,0.2374,LOW
27.70000000000002,86.44999999999963,0.717,VERY HIGH
27.70000000000002,86.49999999999963,0.2822,LOW
27.70000000000002,86.69999999999962,0.7155,VERY HIGH
27.70000000000002,86.74999999999962,0.1961,LOW
27.70000000000002,86.9499999999996,0.2128,LOW
27.70000000000002,87.0499999999996,0.2258,LOW
27.70000000000002,87.0999999999996,0.3205,MEDIUM
27.70000000000002,87.29999999999959,0.6834,HIGH
27.70000000000002,87.34999999999958,0.5766,HIGH
27.70000000000002,87.39999999999958,0.6819,HIGH
27.70000000000002,87.44999999999958,0.4058,HIGH
27.70000000000002,87.49999999999957,0.1674,LOW
27.70000000000002,87.79999999999956,0.4676,HIGH
27.70000000000002,87.84999999999955,0.3605,MEDIUM
27.75000000000002,81.59999999999991,0.7129,VERY HIGH
27.75000000000002,81.6499999999999,0.7927,VERY HIGH
27.75000000000002,81.7499999999999,0.6506,HIGH
27.75000000000002,81.8499999999999,0.7317,VERY HIGH
27.75000000000002,81.89999999999989,0.4027,HIGH
27.75000000000002,81.94999999999989,0.6308,HIGH
27.75000000000002,81.99999999999989,0.6907,HIGH
27.75000000000002,82.24999999999987,0.6418,HIGH
27.75000000000002,82.29999999999987,0.6491,HIGH
27.75000000000002,82.34999999999987,0.3952,MEDIUM
27.75000000000002,82.39999999999986,0.3793,MEDIUM
27.75000000000002,82.44999999999986,0.7501,VERY HIGH
27.75000000000002,82.49999999999986,0.6188,HIGH
27.75000000000002,82.54999999999986,0.7875,VERY HIGH
27.75000000000002,82.59999999999985,0.7355,VERY HIGH
27.75000000000002,82.64999999999985,0.6058,HIGH
27.75000000000002,82.69999999999985,0.6631,HIGH
27.75000000000002,82.74999999999984,0.7378,VERY HIGH
27.75000000000002,82.79999999999984,0.7187,VERY HIGH
27.75000000000002,82.84999999999984,0.5876,HIGH
27.75000000000002,82.89999999999984,0.6189,HIGH
27.75000000000002,82.94999999999983,0.5909,HIGH
27.75000000000002,82.99999999999983,0.7674,VERY HIGH
27.75000000000002,83.04999999999983,0.6504,HIGH
27.75000000000002,83.09999999999982,0.745,VERY HIGH
27.75000000000002,83.14999999999982,0.722,VERY HIGH
27.75000000000002,83.19999999999982,0.3671,MEDIUM
27.75000000000002,83.24999999999982,0.7396,VERY HIGH
27.75000000000002,83.29999999999981,0.7483,VERY HIGH
27.75000000000002,83.34999999999981,0.7239,VERY HIGH
27.75000000000002,83.3999999999998,0.7429,VERY HIGH
27.75000000000002,83.4499999999998,0.4638,HIGH
27.75000000000002,83.4999999999998,0.6524,HIGH
27.75000000000002,83.5499999999998,0.6995,HIGH
27.75000000000002,83.5999999999998,0.4376,HIGH
27.75000000000002,83.69999999999979,0.7463,VERY HIGH
27.75000000000002,83.74999999999979,0.6549,HIGH
27.75000000000002,83.79999999999978,0.7335,VERY HIGH
27.75000000000002,83.84999999999978,0.7541,VERY HIGH
27.75000000000002,83.89999999999978,0.7543,VERY HIGH
27.75000000000002,83.94999999999978,0.6012,HIGH
27.75000000000002,83.99999999999977,0.6052,HIGH
27.75000000000002,84.04999999999977,0.5134,HIGH
27.75000000000002,84.09999999999977,0.4926,HIGH
27.75000000000002,84.14999999999976,0.5112,HIGH
27.75000000000002,84.19999999999976,0.756,VERY HIGH
27.75000000000002,84.24999999999976,0.7508,VERY HIGH
27.75000000000002,84.29999999999976,0.6139,HIGH
27.75000000000002,84.39999999999975,0.7362,VERY HIGH
27.75000000000002,84.44999999999975,0.6107,HIGH
27.75000000000002,84.49999999999974,0.7448,VERY HIGH
27.75000000000002,84.54999999999974,0.6256,HIGH
27.75000000000002,84.59999999999974,0.5915,HIGH
27.75000000000002,84.64999999999974,0.3984,MEDIUM
27.75000000000002,84.69999999999973,0.4822,HIGH
27.75000000000002,84.74999999999973,0.4876,HIGH
27.75000000000002,84.79999999999973,0.698,HIGH
27.75000000000002,84.84999999999972,0.7224,VERY HIGH
27.75000000000002,84.89999999999972,0.4323,HIGH
27.75000000000002,84.94999999999972,0.5817,HIGH
27.75000000000002,84.99999999999972,0.2868,LOW
27.75000000000002,85.04999999999971,0.4173,HIGH
27.75000000000002,85.09999999999971,0.4279,HIGH
27.75000000000002,85.14999999999971,0.4117,HIGH
27.75000000000002,85.1999999999997,0.3241,MEDIUM
27.75000000000002,85.2499999999997,0.7735,VERY HIGH
27.75000000000002,85.49999999999969,0.34,MEDIUM
27.75000000000002,85.54999999999968,0.5897,HIGH
27.75000000000002,85.64999999999968,0.6121,HIGH
27.75000000000002,85.69999999999968,0.3997,MEDIUM
27.75000000000002,85.74999999999967,0.5506,HIGH
27.75000000000002,85.79999999999967,0.6829,HIGH
27.75000000000002,85.84999999999967,0.3592,MEDIUM
27.75000000000002,85.89999999999966,0.4316,HIGH
27.75000000000002,85.94999999999966,0.7607,VERY HIGH
27.75000000000002,85.99999999999966,0.7308,VERY HIGH
27.75000000000002,86.04999999999966,0.7344,VERY HIGH
27.75000000000002,86.09999999999965,0.5818,HIGH
27.75000000000002,86.14999999999965,0.6974,HIGH
27.75000000000002,86.19999999999965,0.6451,HIGH
27.75000000000002,86.24999999999964,0.729,VERY HIGH
27.75000000000002,86.29999999999964,0.714,VERY HIGH
27.75000000000002,86.34999999999964,0.2448,LOW
27.75000000000002,86.44999999999963,0.4669,HIGH
27.75000000000002,86.64999999999962,0.2287,LOW
27.75000000000002,86.69999999999962,0.7098,VERY HIGH
27.75000000000002,87.19999999999959,0.1748,LOW
27.75000000000002,87.24999999999959,0.3808,MEDIUM
27.75000000000002,87.29999999999959,0.3535,MEDIUM
27.75000000000002,87.34999999999958,0.4666,HIGH
27.75000000000002,87.39999999999958,0.2495,LOW
27.75000000000002,87.44999999999958,0.6946,HIGH
27.75000000000002,87.49999999999957,0.2122,LOW
27.75000000000002,87.54999999999957,0.2208,LOW
27.75000000000002,87.59999999999957,0.2184,LOW
27.75000000000002,87.74999999999956,0.2764,LOW
27.75000000000002,87.84999999999955,0.3755,MEDIUM
27.800000000000026,81.7999999999999,0.3552,MEDIUM
27.800000000000026,81.89999999999989,0.6493,HIGH
27.800000000000026,82.09999999999988,0.3882,MEDIUM
27.800000000000026,82.14999999999988,0.6992,HIGH
27.800000000000026,82.19999999999987,0.7218,VERY HIGH
27.800000000000026,82.24999999999987,0.4598,HIGH
27.800000000000026,82.29999999999987,0.6189,HIGH
27.800000000000026,82.34999999999987,0.7547,VERY HIGH
27.800000000000026,82.39999999999986,0.6065,HIGH
27.800000000000026,82.44999999999986,0.7452,VERY HIGH
27.800000000000026,82.49999999999986,0.7418,VERY HIGH
27.800000000000026,82.54999999999986,0.3458,MEDIUM
27.800000000000026,82.59999999999985,0.2121,LOW
27.800000000000026,82.69999999999985,0.3961,MEDIUM
27.800000000000026,82.74999999999984,0.6368,HIGH
27.800000000000026,82.84999999999984,0.6808,HIGH
27.800000000000026,82.89999999999984,0.7351,VERY HIGH
27.800000000000026,82.94999999999983,0.7299,VERY HIGH
27.800000000000026,82.99999999999983,0.7605,VERY HIGH
27.800000000000026,83.04999999999983,0.7715,VERY HIGH
27.800000000000026,83.09999999999982,0.7432,VERY HIGH
27.800000000000026,83.14999999999982,0.7296,VERY HIGH
27.800000000000026,83.19999999999982,0.7151,VERY HIGH
27.800000000000026,83.24999999999982,0.7202,VERY HIGH
27.800000000000026,83.29999999999981,0.6928,HIGH
27.800000000000026,83.34999999999981,0.742,VERY HIGH
27.800000000000026,83.4499999999998,0.5503,HIGH
27.800000000000026,83.4999999999998,0.6889,HIGH
27.800000000000026,83.5499999999998,0.6919,HIGH
27.800000000000026,83.5999999999998,0.2307,LOW
27.800000000000026,83.64999999999979,0.6961,HIGH
27.800000000000026,83.69999999999979,0.4069,HIGH
27.800000000000026,83.74999999999979,0.7317,VERY HIGH
27.800000000000026,83.79999999999978,0.7197,VERY HIGH
27.800000000000026,83.84999999999978,0.6957,HIGH
27.800000000000026,83.89999999999978,0.6325,HIGH
27.800000000000026,83.94999999999978,0.4551,HIGH
27.800000000000026,83.99999999999977,0.7515,VERY HIGH
27.800000000000026,84.04999999999977,0.6838,HIGH
27.800000000000026,84.09999999999977,0.6392,HIGH
27.800000000000026,84.14999999999976,0.3772,MEDIUM
27.800000000000026,84.19999999999976,0.7278,VERY HIGH
27.800000000000026,84.24999999999976,0.6451,HIGH
27.800000000000026,84.29999999999976,0.6142,HIGH
27.800000000000026,84.34999999999975,0.7456,VERY HIGH
27.800000000000026,84.39999999999975,0.744,VERY HIGH
27.800000000000026,84.44999999999975,0.6822,HIGH
27.800000000000026,84.49999999999974,0.5866,HIGH
27.800000000000026,84.54999999999974,0.3848,MEDIUM
27.800000000000026,84.59999999999974,0.4318,HIGH
27.800000000000026,84.64999999999974,0.6324,HIGH
27.800000000000026,84.69999999999973,0.4151,HIGH
27.800000000000026,84.74999999999973,0.3788,MEDIUM
27.800000000000026,84.79999999999973,0.5924,HIGH
27.800000000000026,84.84999999999972,0.423,HIGH
27.800000000000026,84.89999999999972,0.3598,MEDIUM
27.800000000000026,84.94999999999972,0.5569,HIGH
27.800000000000026,84.99999999999972,0.4353,HIGH
27.800000000000026,85.04999999999971,0.5915,HIGH
27.800000000000026,85.09999999999971,0.4524,HIGH
27.800000000000026,85.1999999999997,0.4543,HIGH
27.800000000000026,85.2499999999997,0.6583,HIGH
27.800000000000026,85.2999999999997,0.7505,VERY HIGH
27.800000000000026,85.3499999999997,0.7398,VERY HIGH
27.800000000000026,85.3999999999997,0.7248,VERY HIGH
27.800000000000026,85.44999999999969,0.7395,VERY HIGH
27.800000000000026,85.49999999999969,0.6271,HIGH
27.800000000000026,85.54999999999968,0.358,MEDIUM
27.800000000000026,85.59999999999968,0.4539,HIGH
27.800000000000026,85.64999999999968,0.601,HIGH
27.800000000000026,85.69999999999968,0.6956,HIGH
27.800000000000026,85.74999999999967,0.3988,MEDIUM
27.800000000000026,85.79999999999967,0.6849,HIGH
27.800000000000026,85.84999999999967,0.7377,VERY HIGH
27.800000000000026,85.89999999999966,0.2594,LOW
27.800000000000026,85.94999999999966,0.4894,HIGH
27.800000000000026,85.99999999999966,0.7211,VERY HIGH
27.800000000000026,86.04999999999966,0.7188,VERY HIGH
27.800000000000026,86.09999999999965,0.5189,HIGH
27.800000000000026,86.14999999999965,0.7367,VERY HIGH
27.800000000000026,86.19999999999965,0.6144,HIGH
27.800000000000026,86.24999999999964,0.6615,HIGH
27.800000000000026,86.29999999999964,0.6336,HIGH
27.800000000000026,86.34999999999964,0.5767,HIGH
27.800000000000026,86.69999999999962,0.6113,HIGH
27.800000000000026,86.74999999999962,0.2296,LOW
27.800000000000026,87.24999999999959,0.1995,LOW
27.800000000000026,87.29999999999959,0.4228,HIGH
27.800000000000026,87.34999999999958,0.6062,HIGH
27.800000000000026,87.39999999999958,0.6728,HIGH
27.800000000000026,87.44999999999958,0.2495,LOW
27.800000000000026,87.49999999999957,0.6767,HIGH
27.800000000000026,87.54999999999957,0.3204,MEDIUM
27.800000000000026,87.59999999999957,0.3978,MEDIUM
27.800000000000026,87.64999999999957,0.4097,HIGH
27.800000000000026,87.84999999999955,0.4221,HIGH
27.850000000000023,81.04999999999994,0.2084,LOW
27.850000000000023,81.29999999999993,0.3525,MEDIUM
27.850000000000023,81.7499999999999,0.7392,VERY HIGH
27.850000000000023,81.8499999999999,0.6565,HIGH
27.850000000000023,82.04999999999988,0.4623,HIGH
27.850000000000023,82.09999999999988,0.7322,VERY HIGH
27.850000000000023,82.14999999999988,0.7216,VERY HIGH
27.850000000000023,82.19999999999987,0.3864,MEDIUM
27.850000000000023,82.24999999999987,0.7382,VERY HIGH
27.850000000000023,82.29999999999987,0.6752,HIGH
27.850000000000023,82.34999999999987,0.6195,HIGH
27.850000000000023,82.74999999999984,0.7117,VERY HIGH
27.850000000000023,82.79999999999984,0.593,HIGH
27.850000000000023,82.84999999999984,0.588,HIGH
27.850000000000023,82.89999999999984,0.573,HIGH
27.850000000000023,82.94999999999983,0.7501,VERY HIGH
27.850000000000023,82.99999999999983,0.7292,VERY HIGH
27.850000000000023,83.04999999999983,0.7506,VERY HIGH
27.850000000000023,83.09999999999982,0.749,VERY HIGH
27.850000000000023,83.19999999999982,0.5725,HIGH
27.850000000000023,83.24999999999982,0.3325,MEDIUM
27.850000000000023,83.29999999999981,0.7229,VERY HIGH
27.850000000000023,83.34999999999981,0.6725,HIGH
27.850000000000023,83.3999999999998,0.3546,MEDIUM
27.850000000000023,83.4499999999998,0.6969,HIGH
27.850000000000023,83.4999999999998,0.7251,VERY HIGH
27.850000000000023,83.5499999999998,0.3743,MEDIUM
27.850000000000023,83.5999999999998,0.3443,MEDIUM
27.850000000000023,83.64999999999979,0.6818,HIGH
27.850000000000023,83.69999999999979,0.3346,MEDIUM
27.850000000000023,83.74999999999979,0.7364,VERY HIGH
27.850000000000023,83.79999999999978,0.6878,HIGH
27.850000000000023,83.84999999999978,0.6562,HIGH
27.850000000000023,83.89999999999978,0.3654,MEDIUM
27.850000000000023,83.94999999999978,0.7244,VERY HIGH
27.850000000000023,83.99999999999977,0.3709,MEDIUM
27.850000000000023,84.04999999999977,0.3543,MEDIUM
27.850000000000023,84.09999999999977,0.354,MEDIUM
27.850000000000023,84.14999999999976,0.4703,HIGH
27.850000000000023,84.19999999999976,0.4239,HIGH
27.850000000000023,84.24999999999976,0.5739,HIGH
27.850000000000023,84.29999999999976,0.6405,HIGH
27.850000000000023,84.34999999999975,0.6416,HIGH
27.850000000000023,84.39999999999975,0.4024,HIGH
27.850000000000023,84.44999999999975,0.4469,HIGH
27.850000000000023,84.49999999999974,0.6257,HIGH
27.850000000000023,84.54999999999974,0.3699,MEDIUM
27.850000000000023,84.59999999999974,0.4074,HIGH
27.850000000000023,84.64999999999974,0.4074,HIGH
27.850000000000023,84.79999999999973,0.3505,MEDIUM
27.850000000000023,84.84999999999972,0.501,HIGH
27.850000000000023,84.89999999999972,0.759,VERY HIGH
27.850000000000023,84.94999999999972,0.3017,MEDIUM
27.850000000000023,85.09999999999971,0.5311,HIGH
27.850000000000023,85.1999999999997,0.6297,HIGH
27.850000000000023,85.2499999999997,0.7015,VERY HIGH
27.850000000000023,85.2999999999997,0.6958,HIGH
27.850000000000023,85.3499999999997,0.6447,HIGH
27.850000000000023,85.3999999999997,0.4283,HIGH
27.850000000000023,85.44999999999969,0.5541,HIGH
27.850000000000023,85.49999999999969,0.3255,MEDIUM
27.850000000000023,85.54999999999968,0.6085,HIGH
27.850000000000023,85.59999999999968,0.2972,LOW
27.850000000000023,85.64999999999968,0.7538,VERY HIGH
27.850000000000023,85.69999999999968,0.5662,HIGH
27.850000000000023,85.74999999999967,0.641,HIGH
27.850000000000023,85.79999999999967,0.4436,HIGH
27.850000000000023,85.84999999999967,0.7164,VERY HIGH
27.850000000000023,85.89999999999966,0.4561,HIGH
27.850000000000023,85.94999999999966,0.7196,VERY HIGH
27.850000000000023,85.99999999999966,0.729,VERY HIGH
27.850000000000023,86.04999999999966,0.739,VERY HIGH
27.850000000000023,86.09999999999965,0.5116,HIGH
27.850000000000023,86.14999999999965,0.6018,HIGH
27.850000000000023,86.19999999999965,0.5646,HIGH
27.850000000000023,86.24999999999964,0.7523,VERY HIGH
27.850000000000023,86.29999999999964,0.4588,HIGH
27.850000000000023,86.64999999999962,0.2093,LOW
27.850000000000023,86.74999999999962,0.2756,LOW
27.850000000000023,86.79999999999961,0.2067,LOW
27.850000000000023,87.29999999999959,0.3642,MEDIUM
27.850000000000023,87.34999999999958,0.2449,LOW
27.850000000000023,87.39999999999958,0.3415,MEDIUM
27.850000000000023,87.44999999999958,0.3404,MEDIUM
27.850000000000023,87.49999999999957,0.3468,MEDIUM
27.850000000000023,87.84999999999955,0.4482,HIGH
27.900000000000023,81.09999999999994,0.4523,HIGH
27.900000000000023,81.29999999999993,0.4676,HIGH
27.900000000000023,81.44999999999992,0.8417,VERY HIGH
27.900000000000023,81.7499999999999,0.7298,VERY HIGH
27.900000000000023,81.89999999999989,0.64,HIGH
27.900000000000023,81.94999999999989,0.727,VERY HIGH
27.900000000000023,81.99999999999989,0.7472,VERY HIGH
27.900000000000023,82.04999999999988,0.7368,VERY HIGH
27.900000000000023,82.09999999999988,0.7221,VERY HIGH
27.900000000000023,82.14999999999988,0.7255,VERY HIGH
27.900000000000023,82.19999999999987,0.732,VERY HIGH
27.900000000000023,82.24999999999987,0.5396,HIGH
27.900000000000023,82.29999999999987,0.5651,HIGH
27.900000000000023,82.34999999999987,0.3866,MEDIUM
27.900000000000023,82.39999999999986,0.4088,HIGH
27.900000000000023,82.44999999999986,0.5702,HIGH
27.900000000000023,82.49999999999986,0.1683,LOW
27.900000000000023,82.54999999999986,0.5612,HIGH
27.900000000000023,82.59999999999985,0.4638,HIGH
27.900000000000023,82.64999999999985,0.71,VERY HIGH
27.900000000000023,82.69999999999985,0.7144,VERY HIGH
27.900000000000023,82.74999999999984,0.6998,HIGH
27.900000000000023,82.79999999999984,0.7372,VERY HIGH
27.900000000000023,82.84999999999984,0.6073,HIGH
27.900000000000023,82.89999999999984,0.5978,HIGH
27.900000000000023,82.94999999999983,0.5576,HIGH
27.900000000000023,82.99999999999983,0.7328,VERY HIGH
27.900000000000023,83.04999999999983,0.7102,VERY HIGH
27.900000000000023,83.09999999999982,0.722,VERY HIGH
27.900000000000023,83.14999999999982,0.6981,HIGH
27.900000000000023,83.19999999999982,0.7076,VERY HIGH
27.900000000000023,83.24999999999982,0.6588,HIGH
27.900000000000023,83.29999999999981,0.569,HIGH
27.900000000000023,83.34999999999981,0.6834,HIGH
27.900000000000023,83.3999999999998,0.7242,VERY HIGH
27.900000000000023,83.4499999999998,0.72,VERY HIGH
27.900000000000023,83.4999999999998,0.6628,HIGH
27.900000000000023,83.5499999999998,0.5891,HIGH
27.900000000000023,83.5999999999998,0.7231,VERY HIGH
27.900000000000023,83.69999999999979,0.7252,VERY HIGH
27.900000000000023,83.74999999999979,0.6178,HIGH
27.900000000000023,83.79999999999978,0.5845,HIGH
27.900000000000023,83.84999999999978,0.6629,HIGH
27.900000000000023,83.89999999999978,0.7057,VERY HIGH
27.900000000000023,83.94999999999978,0.6668,HIGH
27.900000000000023,83.99999999999977,0.634,HIGH
27.900000000000023,84.04999999999977,0.6823,HIGH
27.900000000000023,84.09999999999977,0.7239,VERY HIGH
27.900000000000023,84.14999999999976,0.7195,VERY HIGH
27.900000000000023,84.19999999999976,0.6449,HIGH
27.900000000000023,84.29999999999976,0.575,HIGH
27.900000000000023,84.34999999999975,0.6608,HIGH
27.900000000000023,84.39999999999975,0.5482,HIGH
27.900000000000023,84.44999999999975,0.7313,VERY HIGH
27.900000000000023,84.49999999999974,0.6888,HIGH
27.900000000000023,84.54999999999974,0.58,HIGH
27.900000000000023,84.59999999999974,0.5731,HIGH
27.900000000000023,84.64999999999974,0.6642,HIGH
27.900000000000023,84.74999999999973,0.5229,HIGH
27.900000000000023,84.79999999999973,0.4271,HIGH
27.900000000000023,84.84999999999972,0.6372,HIGH
27.900000000000023,84.89999999999972,0.4822,HIGH
27.900000000000023,84.94999999999972,0.7487,VERY HIGH
27.900000000000023,84.99999999999972,0.4721,HIGH
27.900000000000023,85.04999999999971,0.4713,HIGH
27.900000000000023,85.09999999999971,0.5287,HIGH
27.900000000000023,85.14999999999971,0.3052,MEDIUM
27.900000000000023,85.2499999999997,0.4326,HIGH
27.900000000000023,85.3499999999997,0.7164,VERY HIGH
27.900000000000023,85.3999999999997,0.6681,HIGH
27.900000000000023,85.44999999999969,0.6899,HIGH
27.900000000000023,85.49999999999969,0.5798,HIGH
27.900000000000023,85.54999999999968,0.4734,HIGH
27.900000000000023,85.59999999999968,0.5915,HIGH
27.900000000000023,85.64999999999968,0.3832,MEDIUM
27.900000000000023,85.69999999999968,0.7057,VERY HIGH
27.900000000000023,85.74999999999967,0.2206,LOW
27.900000000000023,85.79999999999967,0.582,HIGH
27.900000000000023,85.84999999999967,0.6922,HIGH
27.900000000000023,85.89999999999966,0.6012,HIGH
27.900000000000023,85.94999999999966,0.7009,VERY HIGH
27.900000000000023,85.99999999999966,0.713,VERY HIGH
27.900000000000023,86.04999999999966,0.4179,HIGH
27.900000000000023,86.09999999999965,0.7478,VERY HIGH
27.900000000000023,86.19999999999965,0.7315,VERY HIGH
27.900000000000023,86.24999999999964,0.2123,LOW
27.900000000000023,86.29999999999964,0.6813,HIGH
27.900000000000023,86.34999999999964,0.2558,LOW
27.900000000000023,86.64999999999962,0.3868,MEDIUM
27.900000000000023,86.84999999999961,0.3669,MEDIUM
27.900000000000023,87.19999999999959,0.5913,HIGH
27.900000000000023,87.24999999999959,0.688,HIGH
27.900000000000023,87.29999999999959,0.722,VERY HIGH
27.900000000000023,87.34999999999958,0.2407,LOW
27.900000000000023,87.39999999999958,0.3447,MEDIUM
27.900000000000023,87.44999999999958,0.4417,HIGH
27.900000000000023,87.49999999999957,0.4128,HIGH
27.900000000000023,87.59999999999957,0.408,HIGH
27.900000000000023,87.64999999999957,0.3978,MEDIUM
27.950000000000024,81.29999999999993,0.4476,HIGH
27.950000000000024,81.6499999999999,0.801,VERY HIGH
27.950000000000024,81.6999999999999,0.7512,VERY HIGH
27.950000000000024,81.7999999999999,0.4271,HIGH
27.950000000000024,81.8499999999999,0.7201,VERY HIGH
27.950000000000024,81.89999999999989,0.641,HIGH
27.950000000000024,81.94999999999989,0.5967,HIGH
27.950000000000024,81.99999999999989,0.6613,HIGH
27.950000000000024,82.04999999999988,0.5972,HIGH
27.950000000000024,82.09999999999988,0.5926,HIGH
27.950000000000024,82.14999999999988,0.6812,HIGH
27.950000000000024,82.19999999999987,0.677,HIGH
27.950000000000024,82.24999999999987,0.5708,HIGH
27.950000000000024,82.29999999999987,0.5396,HIGH
27.950000000000024,82.34999999999987,0.3358,MEDIUM
27.950000000000024,82.39999999999986,0.7147,VERY HIGH
27.950000000000024,82.44999999999986,0.4865,HIGH
27.950000000000024,82.49999999999986,0.3637,MEDIUM
27.950000000000024,82.54999999999986,0.5847,HIGH
27.950000000000024,82.59999999999985,0.6132,HIGH
27.950000000000024,82.64999999999985,0.7046,VERY HIGH
27.950000000000024,82.69999999999985,0.6863,HIGH
27.950000000000024,82.74999999999984,0.5972,HIGH
27.950000000000024,82.79999999999984,0.7173,VERY HIGH
27.950000000000024,82.84999999999984,0.7424,VERY HIGH
27.950000000000024,82.89999999999984,0.7408,VERY HIGH
27.950000000000024,82.94999999999983,0.7555,VERY HIGH
27.950000000000024,82.99999999999983,0.7238,VERY HIGH
27.950000000000024,83.14999999999982,0.7231,VERY HIGH
27.950000000000024,83.19999999999982,0.6537,HIGH
27.950000000000024,83.24999999999982,0.5532,HIGH
27.950000000000024,83.29999999999981,0.5404,HIGH
27.950000000000024,83.34999999999981,0.6069,HIGH
27.950000000000024,83.3999999999998,0.567,HIGH
27.950000000000024,83.4999999999998,0.7706,VERY HIGH
27.950000000000024,83.5999999999998,0.6264,HIGH
27.950000000000024,83.64999999999979,0.6231,HIGH
27.950000000000024,83.69999999999979,0.5256,HIGH
27.950000000000024,83.74999999999979,0.6435,HIGH
27.950000000000024,83.79999999999978,0.3857,MEDIUM
27.950000000000024,83.84999999999978,0.6502,HIGH
27.950000000000024,83.89999999999978,0.2929,LOW
27.950000000000024,83.99999999999977,0.6353,HIGH
27.950000000000024,84.04999999999977,0.705,VERY HIGH
27.950000000000024,84.09999999999977,0.6459,HIGH
27.950000000000024,84.14999999999976,0.6079,HIGH
27.950000000000024,84.19999999999976,0.7147,VERY HIGH
27.950000000000024,84.24999999999976,0.6332,HIGH
27.950000000000024,84.34999999999975,0.6454,HIGH
27.950000000000024,84.39999999999975,0.7129,VERY HIGH
27.950000000000024,84.49999999999974,0.6765,HIGH
27.950000000000024,84.54999999999974,0.4665,HIGH
27.950000000000024,84.59999999999974,0.7145,VERY HIGH
27.950000000000024,84.69999999999973,0.626,HIGH
27.950000000000024,84.79999999999973,0.5611,HIGH
27.950000000000024,84.94999999999972,0.7232,VERY HIGH
27.950000000000024,84.99999999999972,0.5042,HIGH
27.950000000000024,85.04999999999971,0.5481,HIGH
27.950000000000024,85.09999999999971,0.6642,HIGH
27.950000000000024,85.14999999999971,0.6642,HIGH
27.950000000000024,85.2499999999997,0.385,MEDIUM
27.950000000000024,85.2999999999997,0.381,MEDIUM
27.950000000000024,85.3499999999997,0.2578,LOW
27.950000000000024,85.3999999999997,0.389,MEDIUM
27.950000000000024,85.44999999999969,0.6877,HIGH
27.950000000000024,85.49999999999969,0.665,HIGH
27.950000000000024,85.54999999999968,0.7209,VERY HIGH
27.950000000000024,85.59999999999968,0.6678,HIGH
27.950000000000024,85.64999999999968,0.5582,HIGH
27.950000000000024,85.69999999999968,0.6863,HIGH
27.950000000000024,85.74999999999967,0.6863,HIGH
27.950000000000024,85.79999999999967,0.3611,MEDIUM
27.950000000000024,85.84999999999967,0.6875,HIGH
27.950000000000024,85.89999999999966,0.6806,HIGH
27.950000000000024,85.94999999999966,0.2187,LOW
27.950000000000024,85.99999999999966,0.7098,VERY HIGH
27.950000000000024,86.04999999999966,0.5978,HIGH
27.950000000000024,86.19999999999965,0.3589,MEDIUM
27.950000000000024,86.24999999999964,0.224,LOW
27.950000000000024,86.39999999999964,0.3586,MEDIUM
27.950000000000024,87.24999999999959,0.1692,LOW
27.950000000000024,87.34999999999958,0.2043,LOW
27.950000000000024,87.39999999999958,0.3446,MEDIUM
27.950000000000024,87.44999999999958,0.4559,HIGH
27.950000000000024,87.49999999999957,0.2585,LOW
27.950000000000024,87.54999999999957,0.3915,MEDIUM
27.950000000000024,87.64999999999957,0.3412,MEDIUM
27.950000000000024,87.69999999999956,0.3815,MEDIUM
28.000000000000025,81.24999999999993,0.4112,HIGH
28.000000000000025,81.34999999999992,0.444,HIGH
28.000000000000025,81.39999999999992,0.7798,VERY HIGH
28.000000000000025,81.7499999999999,0.1896,LOW
28.000000000000025,81.7999999999999,0.6125,HIGH
28.000000000000025,81.8499999999999,0.7276,VERY HIGH
28.000000000000025,81.89999999999989,0.6114,HIGH
28.000000000000025,81.94999999999989,0.5986,HIGH
28.000000000000025,81.99999999999989,0.7326,VERY HIGH
28.000000000000025,82.09999999999988,0.3645,MEDIUM
28.000000000000025,82.14999999999988,0.3656,MEDIUM
28.000000000000025,82.19999999999987,0.5696,HIGH
28.000000000000025,82.24999999999987,0.7159,VERY HIGH
28.000000000000025,82.29999999999987,0.3992,MEDIUM
28.000000000000025,82.34999999999987,0.5867,HIGH
28.000000000000025,82.49999999999986,0.1968,LOW
28.000000000000025,82.54999999999986,0.4115,HIGH
28.000000000000025,82.59999999999985,0.7663,VERY HIGH
28.000000000000025,82.64999999999985,0.5385,HIGH
28.000000000000025,82.69999999999985,0.6378,HIGH
28.000000000000025,82.74999999999984,0.613,HIGH
28.000000000000025,82.79999999999984,0.7208,VERY HIGH
28.000000000000025,82.84999999999984,0.765,VERY HIGH
28.000000000000025,82.89999999999984,0.7513,VERY HIGH
28.000000000000025,82.94999999999983,0.7503,VERY HIGH
28.000000000000025,82.99999999999983,0.627,HIGH
28.000000000000025,83.04999999999983,0.6014,HIGH
28.000000000000025,83.09999999999982,0.5819,HIGH
28.000000000000025,83.14999999999982,0.5937,HIGH
28.000000000000025,83.19999999999982,0.568,HIGH
28.000000000000025,83.24999999999982,0.5558,HIGH
28.000000000000025,83.29999999999981,0.5481,HIGH
28.000000000000025,83.34999999999981,0.4027,HIGH
28.000000000000025,83.3999999999998,0.6422,HIGH
28.000000000000025,83.4499999999998,0.6814,HIGH
28.000000000000025,83.4999999999998,0.7165,VERY HIGH
28.000000000000025,83.5499999999998,0.4021,HIGH
28.000000000000025,83.5999999999998,0.6269,HIGH
28.000000000000025,83.64999999999979,0.7096,VERY HIGH
28.000000000000025,83.69999999999979,0.4116,HIGH
28.000000000000025,83.74999999999979,0.6211,HIGH
28.000000000000025,83.79999999999978,0.2771,LOW
28.000000000000025,83.84999999999978,0.4801,HIGH
28.000000000000025,83.89999999999978,0.6318,HIGH
28.000000000000025,83.94999999999978,0.3106,MEDIUM
28.000000000000025,83.99999999999977,0.6143,HIGH
28.000000000000025,84.04999999999977,0.6685,HIGH
28.000000000000025,84.09999999999977,0.4151,HIGH
28.000000000000025,84.19999999999976,0.4414,HIGH
28.000000000000025,84.24999999999976,0.2831,LOW
28.000000000000025,84.29999999999976,0.4152,HIGH
28.000000000000025,84.39999999999975,0.5778,HIGH
28.000000000000025,84.49999999999974,0.4343,HIGH
28.000000000000025,84.54999999999974,0.705,VERY HIGH
28.000000000000025,84.59999999999974,0.6943,HIGH
28.000000000000025,84.64999999999974,0.6632,HIGH
28.000000000000025,84.69999999999973,0.6958,HIGH
28.000000000000025,84.74999999999973,0.4213,HIGH
28.000000000000025,84.79999999999973,0.5073,HIGH
28.000000000000025,84.84999999999972,0.4382,HIGH
28.000000000000025,84.94999999999972,0.4511,HIGH
28.000000000000025,84.99999999999972,0.7575,VERY HIGH
28.000000000000025,85.04999999999971,0.7409,VERY HIGH
28.000000000000025,85.09999999999971,0.7559,VERY HIGH
28.000000000000025,85.14999999999971,0.2934,LOW
28.000000000000025,85.1999999999997,0.4222,HIGH
28.000000000000025,85.2499999999997,0.3889,MEDIUM
28.000000000000025,85.2999999999997,0.6177,HIGH
28.000000000000025,85.3499999999997,0.6942,HIGH
28.000000000000025,85.3999999999997,0.6591,HIGH
28.000000000000025,85.44999999999969,0.2355,LOW
28.000000000000025,85.49999999999969,0.6314,HIGH
28.000000000000025,85.54999999999968,0.6686,HIGH
28.000000000000025,85.64999999999968,0.3467,MEDIUM
28.000000000000025,85.69999999999968,0.6885,HIGH
28.000000000000025,85.74999999999967,0.3849,MEDIUM
28.000000000000025,85.79999999999967,0.6528,HIGH
28.000000000000025,85.84999999999967,0.7216,VERY HIGH
28.000000000000025,85.89999999999966,0.3445,MEDIUM
28.000000000000025,85.94999999999966,0.4151,HIGH
28.000000000000025,85.99999999999966,0.7038,VERY HIGH
28.000000000000025,86.14999999999965,0.4069,HIGH
28.000000000000025,86.19999999999965,0.3582,MEDIUM
28.000000000000025,86.24999999999964,0.4558,HIGH
28.000000000000025,86.29999999999964,0.3997,MEDIUM
28.000000000000025,86.39999999999964,0.3989,MEDIUM
28.000000000000025,87.0999999999996,0.2134,LOW
28.000000000000025,87.1499999999996,0.2259,LOW
28.000000000000025,87.19999999999959,0.173,LOW
28.000000000000025,87.39999999999958,0.657,HIGH
28.000000000000025,87.44999999999958,0.4098,HIGH
28.000000000000025,87.69999999999956,0.4009,HIGH
28.000000000000025,87.74999999999956,0.4097,HIGH
28.050000000000026,81.19999999999993,0.4426,HIGH
28.050000000000026,81.24999999999993,0.4199,HIGH
28.050000000000026,81.29999999999993,0.4531,HIGH
28.050000000000026,81.34999999999992,0.6745,HIGH
28.050000000000026,81.44999999999992,0.6718,HIGH
28.050000000000026,81.49999999999991,0.6381,HIGH
28.050000000000026,81.7999999999999,0.6612,HIGH
28.050000000000026,81.89999999999989,0.1976,LOW
28.050000000000026,81.94999999999989,0.4104,HIGH
28.050000000000026,81.99999999999989,0.3983,MEDIUM
28.050000000000026,82.04999999999988,0.6554,HIGH
28.050000000000026,82.09999999999988,0.5643,HIGH
28.050000000000026,82.14999999999988,0.5916,HIGH
28.050000000000026,82.19999999999987,0.1744,LOW
28.050000000000026,82.24999999999987,0.4014,HIGH
28.050000000000026,82.44999999999986,0.3534,MEDIUM
28.050000000000026,82.54999999999986,0.3529,MEDIUM
28.050000000000026,82.59999999999985,0.7019,VERY HIGH
28.050000000000026,82.64999999999985,0.499,HIGH
28.050000000000026,82.69999999999985,0.4042,HIGH
28.050000000000026,82.74999999999984,0.5161,HIGH
28.050000000000026,82.79999999999984,0.4125,HIGH
28.050000000000026,82.84999999999984,0.5951,HIGH
28.050000000000026,82.89999999999984,0.6366,HIGH
28.050000000000026,82.94999999999983,0.3894,MEDIUM
28.050000000000026,82.99999999999983,0.4016,HIGH
28.050000000000026,83.04999999999983,0.2091,LOW
28.050000000000026,83.09999999999982,0.4572,HIGH
28.050000000000026,83.14999999999982,0.5005,HIGH
28.050000000000026,83.19999999999982,0.6487,HIGH
28.050000000000026,83.24999999999982,0.5679,HIGH
28.050000000000026,83.29999999999981,0.4471,HIGH
28.050000000000026,83.34999999999981,0.3776,MEDIUM
28.050000000000026,83.3999999999998,0.6451,HIGH
28.050000000000026,83.4499999999998,0.5193,HIGH
28.050000000000026,83.4999999999998,0.7659,VERY HIGH
28.050000000000026,83.5499999999998,0.6569,HIGH
28.050000000000026,83.5999999999998,0.3939,MEDIUM
28.050000000000026,83.64999999999979,0.4717,HIGH
28.050000000000026,83.69999999999979,0.5051,HIGH
28.050000000000026,83.74999999999979,0.5202,HIGH
28.050000000000026,83.79999999999978,0.4324,HIGH
28.050000000000026,83.84999999999978,0.5324,HIGH
28.050000000000026,83.89999999999978,0.7122,VERY HIGH
28.050000000000026,83.94999999999978,0.6338,HIGH
28.050000000000026,83.99999999999977,0.6178,HIGH
28.050000000000026,84.09999999999977,0.721,VERY HIGH
28.050000000000026,84.14999999999976,0.7247,VERY HIGH
28.050000000000026,84.19999999999976,0.6525,HIGH
28.050000000000026,84.24999999999976,0.688,HIGH
28.050000000000026,84.29999999999976,0.7179,VERY HIGH
28.050000000000026,84.34999999999975,0.7468,VERY HIGH
28.050000000000026,84.39999999999975,0.6303,HIGH
28.050000000000026,84.49999999999974,0.5993,HIGH
28.050000000000026,84.54999999999974,0.4234,HIGH
28.050000000000026,84.59999999999974,0.6926,HIGH
28.050000000000026,84.69999999999973,0.3924,MEDIUM
28.050000000000026,84.74999999999973,0.4417,HIGH
28.050000000000026,84.79999999999973,0.4315,HIGH
28.050000000000026,84.84999999999972,0.6018,HIGH
28.050000000000026,84.89999999999972,0.475,HIGH
28.050000000000026,84.94999999999972,0.2762,LOW
28.050000000000026,84.99999999999972,0.3081,MEDIUM
28.050000000000026,85.04999999999971,0.757,VERY HIGH
28.050000000000026,85.09999999999971,0.7735,VERY HIGH
28.050000000000026,85.14999999999971,0.735,VERY HIGH
28.050000000000026,85.1999999999997,0.3366,MEDIUM
28.050000000000026,85.2499999999997,0.7287,VERY HIGH
28.050000000000026,85.2999999999997,0.7248,VERY HIGH
28.050000000000026,85.3499999999997,0.6962,HIGH
28.050000000000026,85.3999999999997,0.4328,HIGH
28.050000000000026,85.49999999999969,0.5089,HIGH
28.050000000000026,85.59999999999968,0.6552,HIGH
28.050000000000026,85.64999999999968,0.7108,VERY HIGH
28.050000000000026,85.74999999999967,0.6715,HIGH
28.050000000000026,85.79999999999967,0.3272,MEDIUM
28.050000000000026,85.84999999999967,0.3695,MEDIUM
28.050000000000026,85.99999999999966,0.1898,LOW
28.050000000000026,86.24999999999964,0.2055,LOW
28.050000000000026,86.29999999999964,0.3307,MEDIUM
28.050000000000026,86.34999999999964,0.2304,LOW
28.050000000000026,87.24999999999959,0.2105,LOW
28.050000000000026,87.29999999999959,0.3662,MEDIUM
28.050000000000026,87.34999999999958,0.3578,MEDIUM
28.050000000000026,87.39999999999958,0.3266,MEDIUM
28.050000000000026,87.54999999999957,0.3978,MEDIUM
28.050000000000026,87.69999999999956,0.3679,MEDIUM
28.100000000000023,81.24999999999993,0.3924,MEDIUM
28.100000000000023,81.29999999999993,0.6339,HIGH
28.100000000000023,81.44999999999992,0.7126,VERY HIGH
28.100000000000023,81.6999999999999,0.6395,HIGH
28.100000000000023,81.7499999999999,0.6061,HIGH
28.100000000000023,81.7999999999999,0.3903,MEDIUM
28.100000000000023,81.8499999999999,0.6739,HIGH
28.100000000000023,81.89999999999989,0.7266,VERY HIGH
28.100000000000023,81.94999999999989,0.7029,VERY HIGH
28.100000000000023,81.99999999999989,0.7308,VERY HIGH
28.100000000000023,82.04999999999988,0.5795,HIGH
28.100000000000023,82.09999999999988,0.7155,VERY HIGH
28.100000000000023,82.14999999999988,0.701,VERY HIGH
28.100000000000023,82.39999999999986,0.388,MEDIUM
28.100000000000023,82.49999999999986,0.7422,VERY HIGH
28.100000000000023,82.54999999999986,0.6238,HIGH
28.100000000000023,82.59999999999985,0.6129,HIGH
28.100000000000023,82.64999999999985,0.736,VERY HIGH
28.100000000000023,82.69999999999985,0.6258,HIGH
28.100000000000023,82.74999999999984,0.4126,HIGH
28.100000000000023,82.79999999999984,0.516,HIGH
28.100000000000023,82.89999999999984,0.7758,VERY HIGH
28.100000000000023,82.94999999999983,0.2155,LOW
28.100000000000023,82.99999999999983,0.6739,HIGH
28.100000000000023,83.04999999999983,0.688,HIGH
28.100000000000023,83.09999999999982,0.4965,HIGH
28.100000000000023,83.14999999999982,0.369,MEDIUM
28.100000000000023,83.19999999999982,0.5949,HIGH
28.100000000000023,83.24999999999982,0.3082,MEDIUM
28.100000000000023,83.29999999999981,0.4948,HIGH
28.100000000000023,83.34999999999981,0.1806,LOW
28.100000000000023,83.3999999999998,0.6972,HIGH
28.100000000000023,83.4499999999998,0.6284,HIGH
28.100000000000023,83.4999999999998,0.6202,HIGH
28.100000000000023,83.5499999999998,0.4054,HIGH
28.100000000000023,83.5999999999998,0.6083,HIGH
28.100000000000023,83.64999999999979,0.7241,VERY HIGH
28.100000000000023,83.69999999999979,0.3196,MEDIUM
28.100000000000023,83.74999999999979,0.5738,HIGH
28.100000000000023,83.79999999999978,0.635,HIGH
28.100000000000023,83.84999999999978,0.7212,VERY HIGH
28.100000000000023,83.94999999999978,0.7464,VERY HIGH
28.100000000000023,83.99999999999977,0.7281,VERY HIGH
28.100000000000023,84.04999999999977,0.6878,HIGH
28.100000000000023,84.09999999999977,0.4328,HIGH
28.100000000000023,84.14999999999976,0.6874,HIGH
28.100000000000023,84.19999999999976,0.4287,HIGH
28.100000000000023,84.24999999999976,0.6115,HIGH
28.100000000000023,84.29999999999976,0.4279,HIGH
28.100000000000023,84.34999999999975,0.7496,VERY HIGH
28.100000000000023,84.39999999999975,0.7496,VERY HIGH
28.100000000000023,84.44999999999975,0.5881,HIGH
28.100000000000023,84.49999999999974,0.6788,HIGH
28.100000000000023,84.54999999999974,0.4513,HIGH
28.100000000000023,84.69999999999973,0.7721,VERY HIGH
28.100000000000023,84.74999999999973,0.4366,HIGH
28.100000000000023,84.79999999999973,0.5881,HIGH
28.100000000000023,84.84999999999972,0.4209,HIGH
28.100000000000023,84.89999999999972,0.7315,VERY HIGH
28.100000000000023,84.94999999999972,0.5065,HIGH
28.100000000000023,84.99999999999972,0.6758,HIGH
28.100000000000023,85.04999999999971,0.7482,VERY HIGH
28.100000000000023,85.09999999999971,0.4181,HIGH
28.100000000000023,85.14999999999971,0.6105,HIGH
28.100000000000023,85.1999999999997,0.482,HIGH
28.100000000000023,85.2499999999997,0.3545,MEDIUM
28.100000000000023,85.2999999999997,0.5869,HIGH
28.100000000000023,85.3499999999997,0.7012,VERY HIGH
28.100000000000023,85.59999999999968,0.3206,MEDIUM
28.100000000000023,85.74999999999967,0.4059,HIGH
28.100000000000023,85.79999999999967,0.2809,LOW
28.100000000000023,85.84999999999967,0.4058,HIGH
28.100000000000023,85.99999999999966,0.3456,MEDIUM
28.100000000000023,86.29999999999964,0.3514,MEDIUM
28.100000000000023,86.34999999999964,0.2032,LOW
28.100000000000023,86.39999999999964,0.4825,HIGH
28.100000000000023,87.1499999999996,0.3323,MEDIUM
28.100000000000023,87.19999999999959,0.3889,MEDIUM
28.100000000000023,87.29999999999959,0.3976,MEDIUM
28.100000000000023,87.44999999999958,0.4,MEDIUM
28.100000000000023,87.49999999999957,0.3889,MEDIUM
28.100000000000023,87.54999999999957,0.4063,HIGH
28.100000000000023,87.99999999999955,0.4026,HIGH
28.150000000000027,81.14999999999993,0.4034,HIGH
28.150000000000027,81.29999999999993,0.6881,HIGH
28.150000000000027,81.49999999999991,0.6114,HIGH
28.150000000000027,81.6999999999999,0.6061,HIGH
28.150000000000027,81.7999999999999,0.5937,HIGH
28.150000000000027,81.8499999999999,0.7241,VERY HIGH
28.150000000000027,81.89999999999989,0.5885,HIGH
28.150000000000027,81.94999999999989,0.711,VERY HIGH
28.150000000000027,81.99999999999989,0.747,VERY HIGH
28.150000000000027,82.04999999999988,0.7182,VERY HIGH
28.150000000000027,82.14999999999988,0.6802,HIGH
28.150000000000027,82.19999999999987,0.6971,HIGH
28.150000000000027,82.29999999999987,0.429,HIGH
28.150000000000027,82.34999999999987,0.4762,HIGH
28.150000000000027,82.39999999999986,0.7769,VERY HIGH
28.150000000000027,82.44999999999986,0.5662,HIGH
28.150000000000027,82.49999999999986,0.2043,LOW
28.150000000000027,82.54999999999986,0.4136,HIGH
28.150000000000027,82.59999999999985,0.7073,VERY HIGH
28.150000000000027,82.64999999999985,0.6848,HIGH
28.150000000000027,82.69999999999985,0.3491,MEDIUM
28.150000000000027,82.79999999999984,0.4676,HIGH
28.150000000000027,82.89999999999984,0.3765,MEDIUM
28.150000000000027,82.94999999999983,0.3564,MEDIUM
28.150000000000027,82.99999999999983,0.369,MEDIUM
28.150000000000027,83.04999999999983,0.608,HIGH
28.150000000000027,83.09999999999982,0.3908,MEDIUM
28.150000000000027,83.19999999999982,0.5567,HIGH
28.150000000000027,83.24999999999982,0.4457,HIGH
28.150000000000027,83.34999999999981,0.7542,VERY HIGH
28.150000000000027,83.3999999999998,0.47,HIGH
28.150000000000027,83.4499999999998,0.743,VERY HIGH
28.150000000000027,83.4999999999998,0.7412,VERY HIGH
28.150000000000027,83.5499999999998,0.6995,HIGH
28.150000000000027,83.5999999999998,0.374,MEDIUM
28.150000000000027,83.64999999999979,0.5901,HIGH
28.150000000000027,83.69999999999979,0.7261,VERY HIGH
28.150000000000027,83.74999999999979,0.7542,VERY HIGH
28.150000000000027,83.79999999999978,0.5304,HIGH
28.150000000000027,83.84999999999978,0.4986,HIGH
28.150000000000027,83.89999999999978,0.7491,VERY HIGH
28.150000000000027,83.94999999999978,0.3382,MEDIUM
28.150000000000027,83.99999999999977,0.6689,HIGH
28.150000000000027,84.09999999999977,0.547,HIGH
28.150000000000027,84.14999999999976,0.329,MEDIUM
28.150000000000027,84.19999999999976,0.7135,VERY HIGH
28.150000000000027,84.29999999999976,0.606,HIGH
28.150000000000027,84.39999999999975,0.7634,VERY HIGH
28.150000000000027,84.44999999999975,0.7351,VERY HIGH
28.150000000000027,84.49999999999974,0.6471,HIGH
28.150000000000027,84.54999999999974,0.4669,HIGH
28.150000000000027,84.59999999999974,0.5009,HIGH
28.150000000000027,84.64999999999974,0.4365,HIGH
28.150000000000027,84.74999999999973,0.7625,VERY HIGH
28.150000000000027,84.79999999999973,0.7279,VERY HIGH
28.150000000000027,84.84999999999972,0.6456,HIGH
28.150000000000027,84.89999999999972,0.7373,VERY HIGH
28.150000000000027,84.94999999999972,0.773,VERY HIGH
28.150000000000027,84.99999999999972,0.5808,HIGH
28.150000000000027,85.04999999999971,0.4036,HIGH
28.150000000000027,85.09999999999971,0.7268,VERY HIGH
28.150000000000027,85.14999999999971,0.7375,VERY HIGH
28.150000000000027,85.1999999999997,0.7166,VERY HIGH
28.150000000000027,85.2499999999997,0.3869,MEDIUM
28.150000000000027,85.2999999999997,0.4468,HIGH
28.150000000000027,85.3499999999997,0.3447,MEDIUM
28.150000000000027,85.3999999999997,0.326,MEDIUM
28.150000000000027,85.44999999999969,0.2036,LOW
28.150000000000027,85.99999999999966,0.3795,MEDIUM
28.150000000000027,86.14999999999965,0.4048,HIGH
28.150000000000027,86.44999999999963,0.4178,HIGH
28.150000000000027,87.1499999999996,0.3774,MEDIUM
28.150000000000027,87.19999999999959,0.3774,MEDIUM
28.150000000000027,87.29999999999959,0.2258,LOW
28.200000000000028,81.19999999999993,0.3633,MEDIUM
28.200000000000028,81.24999999999993,0.6301,HIGH
28.200000000000028,81.29999999999993,0.6828,HIGH
28.200000000000028,81.44999999999992,0.6702,HIGH
28.200000000000028,81.7499999999999,0.6831,HIGH
28.200000000000028,81.7999999999999,0.7132,VERY HIGH
28.200000000000028,81.8499999999999,0.7719,VERY HIGH
28.200000000000028,81.89999999999989,0.7456,VERY HIGH
28.200000000000028,81.94999999999989,0.7574,VERY HIGH
28.200000000000028,81.99999999999989,0.7634,VERY HIGH
28.200000000000028,82.04999999999988,0.7421,VERY HIGH
28.200000000000028,82.09999999999988,0.7321,VERY HIGH
28.200000000000028,82.19999999999987,0.7813,VERY HIGH
28.200000000000028,82.24999999999987,0.7609,VERY HIGH
28.200000000000028,82.29999999999987,0.775,VERY HIGH
28.200000000000028,82.34999999999987,0.7576,VERY HIGH
28.200000000000028,82.39999999999986,0.7021,VERY HIGH
28.200000000000028,82.49999999999986,0.2626,LOW
28.200000000000028,82.54999999999986,0.6793,HIGH
28.200000000000028,82.59999999999985,0.704,VERY HIGH
28.200000000000028,82.64999999999985,0.5658,HIGH
28.200000000000028,82.69999999999985,0.5946,HIGH
28.200000000000028,82.74999999999984,0.2252,LOW
28.200000000000028,82.79999999999984,0.7414,VERY HIGH
28.200000000000028,82.84999999999984,0.6043,HIGH
28.200000000000028,82.89999999999984,0.3895,MEDIUM
28.200000000000028,82.94999999999983,0.3911,MEDIUM
28.200000000000028,82.99999999999983,0.2886,LOW
28.200000000000028,83.04999999999983,0.3869,MEDIUM
28.200000000000028,83.09999999999982,0.4415,HIGH
28.200000000000028,83.14999999999982,0.5645,HIGH
28.200000000000028,83.19999999999982,0.5718,HIGH
28.200000000000028,83.24999999999982,0.584,HIGH
28.200000000000028,83.29999999999981,0.6908,HIGH
28.200000000000028,83.34999999999981,0.6208,HIGH
28.200000000000028,83.3999999999998,0.7165,VERY HIGH
28.200000000000028,83.4499999999998,0.7049,VERY HIGH
28.200000000000028,83.4999999999998,0.7418,VERY HIGH
28.200000000000028,83.5499999999998,0.644,HIGH
28.200000000000028,83.5999999999998,0.4902,HIGH
28.200000000000028,83.64999999999979,0.4465,HIGH
28.200000000000028,83.69999999999979,0.6262,HIGH
28.200000000000028,83.74999999999979,0.7752,VERY HIGH
28.200000000000028,83.84999999999978,0.7519,VERY HIGH
28.200000000000028,83.89999999999978,0.6902,HIGH
28.200000000000028,83.94999999999978,0.3256,MEDIUM
28.200000000000028,84.04999999999977,0.4738,HIGH
28.200000000000028,84.09999999999977,0.5468,HIGH
28.200000000000028,84.14999999999976,0.738,VERY HIGH
28.200000000000028,84.19999999999976,0.7745,VERY HIGH
28.200000000000028,84.24999999999976,0.7614,VERY HIGH
28.200000000000028,84.29999999999976,0.7279,VERY HIGH
28.200000000000028,84.34999999999975,0.7541,VERY HIGH
28.200000000000028,84.39999999999975,0.4775,HIGH
28.200000000000028,84.44999999999975,0.6811,HIGH
28.200000000000028,84.49999999999974,0.4077,HIGH
28.200000000000028,84.54999999999974,0.7483,VERY HIGH
28.200000000000028,84.59999999999974,0.72,VERY HIGH
28.200000000000028,84.64999999999974,0.6077,HIGH
28.200000000000028,84.69999999999973,0.7562,VERY HIGH
28.200000000000028,84.74999999999973,0.3979,MEDIUM
28.200000000000028,84.79999999999973,0.641,HIGH
28.200000000000028,84.84999999999972,0.6113,HIGH
28.200000000000028,84.94999999999972,0.5651,HIGH
28.200000000000028,84.99999999999972,0.7749,VERY HIGH
28.200000000000028,85.04999999999971,0.7396,VERY HIGH
28.200000000000028,85.09999999999971,0.2709,LOW
28.200000000000028,85.14999999999971,0.7131,VERY HIGH
28.200000000000028,85.1999999999997,0.4267,HIGH
28.200000000000028,85.2499999999997,0.1964,LOW
28.200000000000028,85.2999999999997,0.2431,LOW
28.200000000000028,85.3499999999997,0.3279,MEDIUM
28.200000000000028,85.3999999999997,0.2278,LOW
28.200000000000028,85.44999999999969,0.1747,LOW
28.200000000000028,85.49999999999969,0.2604,LOW
28.200000000000028,85.54999999999968,0.2062,LOW
28.200000000000028,85.59999999999968,0.2358,LOW
28.200000000000028,85.64999999999968,0.1898,LOW
28.200000000000028,85.94999999999966,0.4048,HIGH
28.200000000000028,87.1499999999996,0.23,LOW
28.200000000000028,87.24999999999959,0.3462,MEDIUM
28.200000000000028,87.49999999999957,0.353,MEDIUM
28.200000000000028,87.74999999999956,0.341,MEDIUM
28.200000000000028,87.84999999999955,0.3854,MEDIUM
28.200000000000028,87.89999999999955,0.3854,MEDIUM
28.25000000000003,81.14999999999993,0.3467,MEDIUM
28.25000000000003,81.19999999999993,0.639,HIGH
28.25000000000003,81.24999999999993,0.717,VERY HIGH
28.25000000000003,81.39999999999992,0.6398,HIGH
28.25000000000003,81.59999999999991,0.3898,MEDIUM
28.25000000000003,81.6999999999999,0.7241,VERY HIGH
28.25000000000003,81.7499999999999,0.6977,HIGH
28.25000000000003,81.7999999999999,0.6619,HIGH
28.25000000000003,81.8499999999999,0.7452,VERY HIGH
28.25000000000003,81.89999999999989,0.7877,VERY HIGH
28.25000000000003,81.94999999999989,0.2889,LOW
28.25000000000003,81.99999999999989,0.7799,VERY HIGH
28.25000000000003,82.04999999999988,0.7341,VERY HIGH
28.25000000000003,82.09999999999988,0.4373,HIGH
28.25000000000003,82.14999999999988,0.7619,VERY HIGH
28.25000000000003,82.19999999999987,0.6534,HIGH
28.25000000000003,82.24999999999987,0.7664,VERY HIGH
28.25000000000003,82.29999999999987,0.5454,HIGH
28.25000000000003,82.39999999999986,0.478,HIGH
28.25000000000003,82.44999999999986,0.6469,HIGH
28.25000000000003,82.49999999999986,0.5562,HIGH
28.25000000000003,82.54999999999986,0.6816,HIGH
28.25000000000003,82.59999999999985,0.7087,VERY HIGH
28.25000000000003,82.64999999999985,0.624,HIGH
28.25000000000003,82.69999999999985,0.6231,HIGH
28.25000000000003,82.74999999999984,0.4041,HIGH
28.25000000000003,82.79999999999984,0.7278,VERY HIGH
28.25000000000003,82.84999999999984,0.6407,HIGH
28.25000000000003,82.89999999999984,0.3786,MEDIUM
28.25000000000003,82.94999999999983,0.3609,MEDIUM
28.25000000000003,82.99999999999983,0.47,HIGH
28.25000000000003,83.04999999999983,0.6068,HIGH
28.25000000000003,83.09999999999982,0.6959,HIGH
28.25000000000003,83.14999999999982,0.6216,HIGH
28.25000000000003,83.19999999999982,0.5673,HIGH
28.25000000000003,83.24999999999982,0.6064,HIGH
28.25000000000003,83.29999999999981,0.6967,HIGH
28.25000000000003,83.34999999999981,0.7474,VERY HIGH
28.25000000000003,83.3999999999998,0.7375,VERY HIGH
28.25000000000003,83.4499999999998,0.7734,VERY HIGH
28.25000000000003,83.4999999999998,0.7205,VERY HIGH
28.25000000000003,83.5499999999998,0.608,HIGH
28.25000000000003,83.5999999999998,0.4819,HIGH
28.25000000000003,83.69999999999979,0.4585,HIGH
28.25000000000003,83.74999999999979,0.7426,VERY HIGH
28.25000000000003,83.79999999999978,0.7715,VERY HIGH
28.25000000000003,83.84999999999978,0.771,VERY HIGH
28.25000000000003,83.89999999999978,0.5504,HIGH
28.25000000000003,83.94999999999978,0.6907,HIGH
28.25000000000003,84.04999999999977,0.7555,VERY HIGH
28.25000000000003,84.09999999999977,0.5063,HIGH
28.25000000000003,84.14999999999976,0.7582,VERY HIGH
28.25000000000003,84.19999999999976,0.7449,VERY HIGH
28.25000000000003,84.24999999999976,0.75,VERY HIGH
28.25000000000003,84.29999999999976,0.7216,VERY HIGH
28.25000000000003,84.34999999999975,0.738,VERY HIGH
28.25000000000003,84.39999999999975,0.7582,VERY HIGH
28.25000000000003,84.44999999999975,0.7705,VERY HIGH
28.25000000000003,84.49999999999974,0.7358,VERY HIGH
28.25000000000003,84.54999999999974,0.7309,VERY HIGH
28.25000000000003,84.59999999999974,0.7391,VERY HIGH
28.25000000000003,84.64999999999974,0.7076,VERY HIGH
28.25000000000003,84.69999999999973,0.7075,VERY HIGH
28.25000000000003,84.74999999999973,0.7538,VERY HIGH
28.25000000000003,84.79999999999973,0.6903,HIGH
28.25000000000003,84.84999999999972,0.629,HIGH
28.25000000000003,84.89999999999972,0.2743,LOW
28.25000000000003,84.94999999999972,0.7527,VERY HIGH
28.25000000000003,85.04999999999971,0.3008,MEDIUM
28.25000000000003,85.09999999999971,0.4455,HIGH
28.25000000000003,85.14999999999971,0.5887,HIGH
28.25000000000003,85.2999999999997,0.6883,HIGH
28.25000000000003,85.3499999999997,0.3185,MEDIUM
28.25000000000003,85.3999999999997,0.6779,HIGH
28.25000000000003,85.84999999999967,0.4211,HIGH
28.25000000000003,86.04999999999966,0.394,MEDIUM
28.25000000000003,87.1499999999996,0.3905,MEDIUM
28.25000000000003,87.24999999999959,0.3826,MEDIUM
28.25000000000003,87.29999999999959,0.2499,LOW
28.25000000000003,87.39999999999958,0.3578,MEDIUM
28.25000000000003,87.44999999999958,0.3515,MEDIUM
28.25000000000003,87.54999999999957,0.3662,MEDIUM
28.25000000000003,87.74999999999956,0.4404,HIGH
28.30000000000003,80.59999999999997,0.405,HIGH
28.30000000000003,80.94999999999995,0.3068,MEDIUM
28.30000000000003,80.99999999999994,0.3242,MEDIUM
28.30000000000003,81.04999999999994,0.3151,MEDIUM
28.30000000000003,81.09999999999994,0.5465,HIGH
28.30000000000003,81.14999999999993,0.7389,VERY HIGH
28.30000000000003,81.19999999999993,0.6621,HIGH
28.30000000000003,81.29999999999993,0.5563,HIGH
28.30000000000003,81.39999999999992,0.603,HIGH
28.30000000000003,81.44999999999992,0.6671,HIGH
28.30000000000003,81.49999999999991,0.6664,HIGH
28.30000000000003,81.54999999999991,0.366,MEDIUM
28.30000000000003,81.59999999999991,0.6997,HIGH
28.30000000000003,81.6499999999999,0.4622,HIGH
28.30000000000003,81.6999999999999,0.735,VERY HIGH
28.30000000000003,81.7499999999999,0.7816,VERY HIGH
28.30000000000003,81.7999999999999,0.7692,VERY HIGH
28.30000000000003,81.8499999999999,0.5123,HIGH
28.30000000000003,81.89999999999989,0.8207,VERY HIGH
28.30000000000003,81.94999999999989,0.797,VERY HIGH
28.30000000000003,81.99999999999989,0.7008,VERY HIGH
28.30000000000003,82.09999999999988,0.4343,HIGH
28.30000000000003,82.14999999999988,0.7354,VERY HIGH
28.30000000000003,82.19999999999987,0.4539,HIGH
28.30000000000003,82.24999999999987,0.6313,HIGH
28.30000000000003,82.29999999999987,0.7095,VERY HIGH
28.30000000000003,82.34999999999987,0.6772,HIGH
28.30000000000003,82.39999999999986,0.6948,HIGH
28.30000000000003,82.44999999999986,0.6617,HIGH
28.30000000000003,82.49999999999986,0.7056,VERY HIGH
28.30000000000003,82.54999999999986,0.2634,LOW
28.30000000000003,82.59999999999985,0.5587,HIGH
28.30000000000003,82.64999999999985,0.5555,HIGH
28.30000000000003,82.69999999999985,0.7016,VERY HIGH
28.30000000000003,82.74999999999984,0.2094,LOW
28.30000000000003,82.79999999999984,0.6499,HIGH
28.30000000000003,82.84999999999984,0.42,HIGH
28.30000000000003,82.89999999999984,0.7354,VERY HIGH
28.30000000000003,82.94999999999983,0.2528,LOW
28.30000000000003,82.99999999999983,0.3627,MEDIUM
28.30000000000003,83.04999999999983,0.7462,VERY HIGH
28.30000000000003,83.09999999999982,0.6367,HIGH
28.30000000000003,83.14999999999982,0.6179,HIGH
28.30000000000003,83.19999999999982,0.2057,LOW
28.30000000000003,83.24999999999982,0.5932,HIGH
28.30000000000003,83.29999999999981,0.7049,VERY HIGH
28.30000000000003,83.34999999999981,0.6657,HIGH
28.30000000000003,83.3999999999998,0.7298,VERY HIGH
28.30000000000003,83.4499999999998,0.762,VERY HIGH
28.30000000000003,83.4999999999998,0.6331,HIGH
28.30000000000003,83.5499999999998,0.7312,VERY HIGH
28.30000000000003,83.5999999999998,0.5245,HIGH
28.30000000000003,83.64999999999979,0.749,VERY HIGH
28.30000000000003,83.69999999999979,0.7936,VERY HIGH
28.30000000000003,83.74999999999979,0.3845,MEDIUM
28.30000000000003,83.79999999999978,0.4833,HIGH
28.30000000000003,83.84999999999978,0.6809,HIGH
28.30000000000003,83.89999999999978,0.4012,HIGH
28.30000000000003,83.94999999999978,0.4108,HIGH
28.30000000000003,83.99999999999977,0.3845,MEDIUM
28.30000000000003,84.04999999999977,0.7538,VERY HIGH
28.30000000000003,84.09999999999977,0.7189,VERY HIGH
28.30000000000003,84.14999999999976,0.7193,VERY HIGH
28.30000000000003,84.19999999999976,0.7063,VERY HIGH
28.30000000000003,84.24999999999976,0.7414,VERY HIGH
28.30000000000003,84.29999999999976,0.7443,VERY HIGH
28.30000000000003,84.34999999999975,0.7267,VERY HIGH
28.30000000000003,84.39999999999975,0.7024,VERY HIGH
28.30000000000003,84.44999999999975,0.7233,VERY HIGH
28.30000000000003,84.49999999999974,0.7122,VERY HIGH
28.30000000000003,84.54999999999974,0.7392,VERY HIGH
28.30000000000003,84.59999999999974,0.2576,LOW
28.30000000000003,84.64999999999974,0.3307,MEDIUM
28.30000000000003,84.69999999999973,0.3719,MEDIUM
28.30000000000003,84.79999999999973,0.366,MEDIUM
28.30000000000003,84.84999999999972,0.7075,VERY HIGH
28.30000000000003,84.89999999999972,0.419,HIGH
28.30000000000003,84.94999999999972,0.2546,LOW
28.30000000000003,84.99999999999972,0.2626,LOW
28.30000000000003,85.09999999999971,0.2586,LOW
28.30000000000003,85.1999999999997,0.3885,MEDIUM
28.30000000000003,85.2499999999997,0.5875,HIGH
28.30000000000003,85.2999999999997,0.5337,HIGH
28.30000000000003,85.3499999999997,0.335,MEDIUM
28.30000000000003,85.3999999999997,0.2379,LOW
28.30000000000003,85.44999999999969,0.1995,LOW
28.30000000000003,86.74999999999962,0.4293,HIGH
28.30000000000003,86.79999999999961,0.4191,HIGH
28.30000000000003,86.84999999999961,0.4052,HIGH
28.30000000000003,86.89999999999961,0.4518,HIGH
28.30000000000003,87.29999999999959,0.3491,MEDIUM
28.30000000000003,87.34999999999958,0.3547,MEDIUM
28.30000000000003,87.74999999999956,0.3935,MEDIUM
28.30000000000003,87.99999999999955,0.4095,HIGH
28.30000000000003,88.04999999999954,0.3875,MEDIUM
28.30000000000003,88.09999999999954,0.405,HIGH
28.35000000000003,80.74999999999996,0.3684,MEDIUM
28.35000000000003,80.79999999999995,0.3351,MEDIUM
28.35000000000003,81.09999999999994,0.5495,HIGH
28.35000000000003,81.14999999999993,0.6638,HIGH
28.35000000000003,81.19999999999993,0.5437,HIGH
28.35000000000003,81.24999999999993,0.7183,VERY HIGH
28.35000000000003,81.29999999999993,0.6373,HIGH
28.35000000000003,81.34999999999992,0.7061,VERY HIGH
28.35000000000003,81.44999999999992,0.6845,HIGH
28.35000000000003,81.49999999999991,0.3904,MEDIUM
28.35000000000003,81.54999999999991,0.3576,MEDIUM
28.35000000000003,81.59999999999991,0.6305,HIGH
28.35000000000003,81.6499999999999,0.6956,HIGH
28.35000000000003,81.6999999999999,0.7121,VERY HIGH
28.35000000000003,81.7499999999999,0.6251,HIGH
28.35000000000003,81.7999999999999,0.6467,HIGH
28.35000000000003,81.8499999999999,0.756,VERY HIGH
28.35000000000003,81.89999999999989,0.7865,VERY HIGH
28.35000000000003,81.94999999999989,0.7544,VERY HIGH
28.35000000000003,81.99999999999989,0.7841,VERY HIGH
28.35000000000003,82.04999999999988,0.7416,VERY HIGH
28.35000000000003,82.09999999999988,0.4675,HIGH
28.35000000000003,82.14999999999988,0.6413,HIGH
28.35000000000003,82.19999999999987,0.7418,VERY HIGH
28.35000000000003,82.24999999999987,0.6746,HIGH
28.35000000000003,82.29999999999987,0.6798,HIGH
28.35000000000003,82.34999999999987,0.7434,VERY HIGH
28.35000000000003,82.39999999999986,0.7237,VERY HIGH
28.35000000000003,82.44999999999986,0.7143,VERY HIGH
28.35000000000003,82.49999999999986,0.703,VERY HIGH
28.35000000000003,82.54999999999986,0.7094,VERY HIGH
28.35000000000003,82.59999999999985,0.4206,HIGH
28.35000000000003,82.64999999999985,0.6267,HIGH
28.35000000000003,82.69999999999985,0.725,VERY HIGH
28.35000000000003,82.74999999999984,0.3416,MEDIUM
28.35000000000003,82.79999999999984,0.3752,MEDIUM
28.35000000000003,82.84999999999984,0.7535,VERY HIGH
28.35000000000003,82.89999999999984,0.6701,HIGH
28.35000000000003,82.94999999999983,0.7518,VERY HIGH
28.35000000000003,82.99999999999983,0.7587,VERY HIGH
28.35000000000003,83.04999999999983,0.7811,VERY HIGH
28.35000000000003,83.14999999999982,0.5676,HIGH
28.35000000000003,83.19999999999982,0.3032,MEDIUM
28.35000000000003,83.24999999999982,0.7449,VERY HIGH
28.35000000000003,83.29999999999981,0.272,LOW
28.35000000000003,83.34999999999981,0.7342,VERY HIGH
28.35000000000003,83.3999999999998,0.7685,VERY HIGH
28.35000000000003,83.4499999999998,0.725,VERY HIGH
28.35000000000003,83.4999999999998,0.669,HIGH
28.35000000000003,83.5499999999998,0.4889,HIGH
28.35000000000003,83.5999999999998,0.4866,HIGH
28.35000000000003,83.64999999999979,0.7908,VERY HIGH
28.35000000000003,83.69999999999979,0.772,VERY HIGH
28.35000000000003,83.74999999999979,0.7258,VERY HIGH
28.35000000000003,83.79999999999978,0.2347,LOW
28.35000000000003,83.84999999999978,0.7619,VERY HIGH
28.35000000000003,83.89999999999978,0.7641,VERY HIGH
28.35000000000003,83.94999999999978,0.7706,VERY HIGH
28.35000000000003,83.99999999999977,0.5088,HIGH
28.35000000000003,84.04999999999977,0.7627,VERY HIGH
28.35000000000003,84.09999999999977,0.2419,LOW
28.35000000000003,84.14999999999976,0.7185,VERY HIGH
28.35000000000003,84.19999999999976,0.6175,HIGH
28.35000000000003,84.24999999999976,0.7398,VERY HIGH
28.35000000000003,84.29999999999976,0.7443,VERY HIGH
28.35000000000003,84.34999999999975,0.7096,VERY HIGH
28.35000000000003,84.39999999999975,0.4732,HIGH
28.35000000000003,84.44999999999975,0.4512,HIGH
28.35000000000003,84.49999999999974,0.7282,VERY HIGH
28.35000000000003,84.59999999999974,0.266,LOW
28.35000000000003,84.84999999999972,0.4208,HIGH
28.35000000000003,84.89999999999972,0.3167,MEDIUM
28.35000000000003,84.94999999999972,0.4001,HIGH
28.35000000000003,85.3499999999997,0.3573,MEDIUM
28.35000000000003,85.44999999999969,0.3305,MEDIUM
28.35000000000003,85.49999999999969,0.2515,LOW
28.35000000000003,85.59999999999968,0.3141,MEDIUM
28.35000000000003,85.99999999999966,0.3695,MEDIUM
28.35000000000003,86.09999999999965,0.4245,HIGH
28.35000000000003,86.54999999999963,0.4142,HIGH
28.35000000000003,86.59999999999962,0.4159,HIGH
28.35000000000003,86.69999999999962,0.4652,HIGH
28.35000000000003,86.84999999999961,0.4406,HIGH
28.35000000000003,86.9999999999996,0.435,HIGH
28.35000000000003,87.0499999999996,0.4518,HIGH
28.35000000000003,87.64999999999957,0.4127,HIGH
28.35000000000003,87.94999999999955,0.4018,HIGH
28.35000000000003,88.04999999999954,0.3788,MEDIUM
28.35000000000003,88.09999999999954,0.3788,MEDIUM
28.35000000000003,88.14999999999954,0.4233,HIGH
28.35000000000003,88.19999999999953,0.3927,MEDIUM
28.40000000000003,80.64999999999996,0.4548,HIGH
28.40000000000003,80.69999999999996,0.3426,MEDIUM
28.40000000000003,80.74999999999996,0.6034,HIGH
28.40000000000003,80.79999999999995,0.5987,HIGH
28.40000000000003,80.84999999999995,0.5249,HIGH
28.40000000000003,80.89999999999995,0.564,HIGH
28.40000000000003,80.94999999999995,0.5949,HIGH
28.40000000000003,81.34999999999992,0.5623,HIGH
28.40000000000003,81.39999999999992,0.7054,VERY HIGH
28.40000000000003,81.44999999999992,0.5961,HIGH
28.40000000000003,81.49999999999991,0.6185,HIGH
28.40000000000003,81.54999999999991,0.7476,VERY HIGH
28.40000000000003,81.59999999999991,0.1968,LOW
28.40000000000003,81.6499999999999,0.6815,HIGH
28.40000000000003,81.6999999999999,0.7877,VERY HIGH
28.40000000000003,81.7499999999999,0.7569,VERY HIGH
28.40000000000003,81.7999999999999,0.7925,VERY HIGH
28.40000000000003,81.8499999999999,0.7646,VERY HIGH
28.40000000000003,81.89999999999989,0.7595,VERY HIGH
28.40000000000003,81.94999999999989,0.72,VERY HIGH
28.40000000000003,81.99999999999989,0.4882,HIGH
28.40000000000003,82.04999999999988,0.7623,VERY HIGH
28.40000000000003,82.09999999999988,0.579,HIGH
28.40000000000003,82.14999999999988,0.7537,VERY HIGH
28.40000000000003,82.19999999999987,0.662,HIGH
28.40000000000003,82.24999999999987,0.483,HIGH
28.40000000000003,82.29999999999987,0.6796,HIGH
28.40000000000003,82.39999999999986,0.7516,VERY HIGH
28.40000000000003,82.44999999999986,0.5158,HIGH
28.40000000000003,82.49999999999986,0.4478,HIGH
28.40000000000003,82.54999999999986,0.4971,HIGH
28.40000000000003,82.59999999999985,0.7253,VERY HIGH
28.40000000000003,82.64999999999985,0.7366,VERY HIGH
28.40000000000003,82.69999999999985,0.7382,VERY HIGH
28.40000000000003,82.74999999999984,0.5889,HIGH
28.40000000000003,82.79999999999984,0.3752,MEDIUM
28.40000000000003,82.84999999999984,0.6709,HIGH
28.40000000000003,82.89999999999984,0.6483,HIGH
28.40000000000003,82.94999999999983,0.399,MEDIUM
28.40000000000003,82.99999999999983,0.402,HIGH
28.40000000000003,83.04999999999983,0.6608,HIGH
28.40000000000003,83.09999999999982,0.2015,LOW
28.40000000000003,83.14999999999982,0.7572,VERY HIGH
28.40000000000003,83.19999999999982,0.3602,MEDIUM
28.40000000000003,83.24999999999982,0.3512,MEDIUM
28.40000000000003,83.29999999999981,0.764,VERY HIGH
28.40000000000003,83.34999999999981,0.6157,HIGH
28.40000000000003,83.3999999999998,0.6321,HIGH
28.40000000000003,83.4499999999998,0.541,HIGH
28.40000000000003,83.4999999999998,0.6889,HIGH
28.40000000000003,83.5499999999998,0.7478,VERY HIGH
28.40000000000003,83.5999999999998,0.5803,HIGH
28.40000000000003,83.64999999999979,0.7629,VERY HIGH
28.40000000000003,83.69999999999979,0.7732,VERY HIGH
28.40000000000003,83.74999999999979,0.7441,VERY HIGH
28.40000000000003,83.79999999999978,0.7264,VERY HIGH
28.40000000000003,83.84999999999978,0.7272,VERY HIGH
28.40000000000003,83.89999999999978,0.7357,VERY HIGH
28.40000000000003,83.94999999999978,0.7115,VERY HIGH
28.40000000000003,83.99999999999977,0.7038,VERY HIGH
28.40000000000003,84.04999999999977,0.5197,HIGH
28.40000000000003,84.09999999999977,0.7258,VERY HIGH
28.40000000000003,84.14999999999976,0.7199,VERY HIGH
28.40000000000003,84.19999999999976,0.3147,MEDIUM
28.40000000000003,84.24999999999976,0.2305,LOW
28.40000000000003,84.29999999999976,0.7326,VERY HIGH
28.40000000000003,84.34999999999975,0.7178,VERY HIGH
28.40000000000003,84.39999999999975,0.582,HIGH
28.40000000000003,84.44999999999975,0.2556,LOW
28.40000000000003,84.49999999999974,0.5578,HIGH
28.40000000000003,84.54999999999974,0.4932,HIGH
28.40000000000003,84.84999999999972,0.4427,HIGH
28.40000000000003,84.89999999999972,0.3428,MEDIUM
28.40000000000003,85.3499999999997,0.7087,VERY HIGH
28.40000000000003,85.3999999999997,0.2466,LOW
28.40000000000003,85.44999999999969,0.5329,HIGH
28.40000000000003,85.94999999999966,0.4376,HIGH
28.40000000000003,86.19999999999965,0.4564,HIGH
28.40000000000003,86.34999999999964,0.4284,HIGH
28.40000000000003,86.54999999999963,0.4299,HIGH
28.40000000000003,86.84999999999961,0.4025,HIGH
28.40000000000003,86.89999999999961,0.4218,HIGH
28.40000000000003,88.04999999999954,0.3913,MEDIUM
28.40000000000003,88.09999999999954,0.3788,MEDIUM
28.40000000000003,88.14999999999954,0.405,HIGH
28.45000000000003,80.64999999999996,0.568,HIGH
28.45000000000003,80.69999999999996,0.5628,HIGH
28.45000000000003,80.74999999999996,0.3496,MEDIUM
28.45000000000003,80.79999999999995,0.5365,HIGH
28.45000000000003,80.84999999999995,0.5812,HIGH
28.45000000000003,80.89999999999995,0.6034,HIGH
28.45000000000003,80.94999999999995,0.5145,HIGH
28.45000000000003,81.04999999999994,0.6278,HIGH
28.45000000000003,81.29999999999993,0.7228,VERY HIGH
28.45000000000003,81.34999999999992,0.698,HIGH
28.45000000000003,81.39999999999992,0.7208,VERY HIGH
28.45000000000003,81.49999999999991,0.6375,HIGH
28.45000000000003,81.54999999999991,0.7664,VERY HIGH
28.45000000000003,81.59999999999991,0.7678,VERY HIGH
28.45000000000003,81.6499999999999,0.7356,VERY HIGH
28.45000000000003,81.6999999999999,0.7925,VERY HIGH
28.45000000000003,81.7499999999999,0.7942,VERY HIGH
28.45000000000003,81.8499999999999,0.6352,HIGH
28.45000000000003,81.89999999999989,0.4814,HIGH
28.45000000000003,81.94999999999989,0.4681,HIGH
28.45000000000003,81.99999999999989,0.4385,HIGH
28.45000000000003,82.04999999999988,0.4385,HIGH
28.45000000000003,82.09999999999988,0.4819,HIGH
28.45000000000003,82.14999999999988,0.7005,VERY HIGH
28.45000000000003,82.19999999999987,0.7348,VERY HIGH
28.45000000000003,82.24999999999987,0.6516,HIGH
28.45000000000003,82.29999999999987,0.7439,VERY HIGH
28.45000000000003,82.34999999999987,0.5681,HIGH
28.45000000000003,82.39999999999986,0.6025,HIGH
28.45000000000003,82.44999999999986,0.5971,HIGH
28.45000000000003,82.49999999999986,0.5312,HIGH
28.45000000000003,82.54999999999986,0.6287,HIGH
28.45000000000003,82.59999999999985,0.6075,HIGH
28.45000000000003,82.64999999999985,0.4224,HIGH
28.45000000000003,82.69999999999985,0.7325,VERY HIGH
28.45000000000003,82.74999999999984,0.7532,VERY HIGH
28.45000000000003,82.79999999999984,0.3519,MEDIUM
28.45000000000003,82.84999999999984,0.7566,VERY HIGH
28.45000000000003,82.89999999999984,0.7464,VERY HIGH
28.45000000000003,82.94999999999983,0.8218,VERY HIGH
28.45000000000003,82.99999999999983,0.6125,HIGH
28.45000000000003,83.04999999999983,0.605,HIGH
28.45000000000003,83.09999999999982,0.7806,VERY HIGH
28.45000000000003,83.14999999999982,0.7518,VERY HIGH
28.45000000000003,83.19999999999982,0.639,HIGH
28.45000000000003,83.24999999999982,0.3357,MEDIUM
28.45000000000003,83.29999999999981,0.1804,LOW
28.45000000000003,83.34999999999981,0.6196,HIGH
28.45000000000003,83.3999999999998,0.737,VERY HIGH
28.45000000000003,83.4499999999998,0.7295,VERY HIGH
28.45000000000003,83.4999999999998,0.4171,HIGH
28.45000000000003,83.5499999999998,0.7967,VERY HIGH
28.45000000000003,83.5999999999998,0.5365,HIGH
28.45000000000003,83.64999999999979,0.5018,HIGH
28.45000000000003,83.69999999999979,0.7577,VERY HIGH
28.45000000000003,83.79999999999978,0.2265,LOW
28.45000000000003,83.84999999999978,0.3765,MEDIUM
28.45000000000003,83.89999999999978,0.3375,MEDIUM
28.45000000000003,83.94999999999978,0.3795,MEDIUM
28.45000000000003,83.99999999999977,0.49,HIGH
28.45000000000003,84.04999999999977,0.2197,LOW
28.45000000000003,84.09999999999977,0.3342,MEDIUM
28.45000000000003,84.14999999999976,0.4313,HIGH
28.45000000000003,84.19999999999976,0.3425,MEDIUM
28.45000000000003,84.29999999999976,0.351,MEDIUM
28.45000000000003,84.34999999999975,0.5206,HIGH
28.45000000000003,84.39999999999975,0.2461,LOW
28.45000000000003,84.44999999999975,0.3944,MEDIUM
28.45000000000003,84.49999999999974,0.4085,HIGH
28.45000000000003,84.54999999999974,0.3711,MEDIUM
28.45000000000003,84.79999999999973,0.3588,MEDIUM
28.45000000000003,84.84999999999972,0.4556,HIGH
28.45000000000003,84.89999999999972,0.3042,MEDIUM
28.45000000000003,84.94999999999972,0.5629,HIGH
28.45000000000003,84.99999999999972,0.3439,MEDIUM
28.45000000000003,85.04999999999971,0.7205,VERY HIGH
28.45000000000003,85.14999999999971,0.329,MEDIUM
28.45000000000003,85.1999999999997,0.3735,MEDIUM
28.45000000000003,85.2499999999997,0.3752,MEDIUM
28.45000000000003,85.3499999999997,0.3509,MEDIUM
28.45000000000003,85.44999999999969,0.242,LOW
28.45000000000003,86.04999999999966,0.4204,HIGH
28.45000000000003,86.19999999999965,0.49,HIGH
28.45000000000003,86.24999999999964,0.4278,HIGH
28.45000000000003,86.49999999999963,0.4159,HIGH
28.45000000000003,86.54999999999963,0.4159,HIGH
28.45000000000003,86.69999999999962,0.451,HIGH
28.45000000000003,86.74999999999962,0.4339,HIGH
28.45000000000003,86.89999999999961,0.4144,HIGH
28.45000000000003,86.9499999999996,0.4404,HIGH
28.45000000000003,87.24999999999959,0.4118,HIGH
28.45000000000003,87.74999999999956,0.386,MEDIUM
28.45000000000003,88.04999999999954,0.4064,HIGH
28.45000000000003,88.14999999999954,0.3924,MEDIUM
28.45000000000003,88.19999999999953,0.4374,HIGH
28.500000000000032,80.59999999999997,0.6692,HIGH
28.500000000000032,80.64999999999996,0.7475,VERY HIGH
28.500000000000032,80.74999999999996,0.4981,HIGH
28.500000000000032,80.79999999999995,0.5796,HIGH
28.500000000000032,81.14999999999993,0.4989,HIGH
28.500000000000032,81.24999999999993,0.6064,HIGH
28.500000000000032,81.34999999999992,0.6014,HIGH
28.500000000000032,81.39999999999992,0.7416,VERY HIGH
28.500000000000032,81.44999999999992,0.7803,VERY HIGH
28.500000000000032,81.49999999999991,0.7545,VERY HIGH
28.500000000000032,81.54999999999991,0.8127,VERY HIGH
28.500000000000032,81.59999999999991,0.5708,HIGH
28.500000000000032,81.6499999999999,0.6339,HIGH
28.500000000000032,81.6999999999999,0.743,VERY HIGH
28.500000000000032,81.7499999999999,0.6688,HIGH
28.500000000000032,81.7999999999999,0.6874,HIGH
28.500000000000032,81.8499999999999,0.6487,HIGH
28.500000000000032,81.89999999999989,0.597,HIGH
28.500000000000032,81.94999999999989,0.5709,HIGH
28.500000000000032,81.99999999999989,0.4759,HIGH
28.500000000000032,82.04999999999988,0.3159,MEDIUM
28.500000000000032,82.09999999999988,0.3452,MEDIUM
28.500000000000032,82.19999999999987,0.7735,VERY HIGH
28.500000000000032,82.24999999999987,0.6765,HIGH
28.500000000000032,82.29999999999987,0.6391,HIGH
28.500000000000032,82.34999999999987,0.7007,VERY HIGH
28.500000000000032,82.39999999999986,0.6326,HIGH
28.500000000000032,82.44999999999986,0.5321,HIGH
28.500000000000032,82.49999999999986,0.4386,HIGH
28.500000000000032,82.54999999999986,0.63,HIGH
28.500000000000032,82.59999999999985,0.758,VERY HIGH
28.500000000000032,82.64999999999985,0.7613,VERY HIGH
28.500000000000032,82.69999999999985,0.3922,MEDIUM
28.500000000000032,82.74999999999984,0.7371,VERY HIGH
28.500000000000032,82.79999999999984,0.7463,VERY HIGH
28.500000000000032,82.84999999999984,0.7013,VERY HIGH
28.500000000000032,82.89999999999984,0.7609,VERY HIGH
28.500000000000032,82.94999999999983,0.598,HIGH
28.500000000000032,82.99999999999983,0.3474,MEDIUM
28.500000000000032,83.04999999999983,0.6166,HIGH
28.500000000000032,83.09999999999982,0.7331,VERY HIGH
28.500000000000032,83.14999999999982,0.1816,LOW
28.500000000000032,83.19999999999982,0.1929,LOW
28.500000000000032,83.24999999999982,0.3525,MEDIUM
28.500000000000032,83.29999999999981,0.6828,HIGH
28.500000000000032,83.34999999999981,0.3987,MEDIUM
28.500000000000032,83.3999999999998,0.5258,HIGH
28.500000000000032,83.4499999999998,0.4779,HIGH
28.500000000000032,83.4999999999998,0.3843,MEDIUM
28.500000000000032,83.5499999999998,0.7936,VERY HIGH
28.500000000000032,83.5999999999998,0.4174,HIGH
28.500000000000032,83.64999999999979,0.4196,HIGH
28.500000000000032,83.69999999999979,0.7401,VERY HIGH
28.500000000000032,83.89999999999978,0.4357,HIGH
28.500000000000032,84.04999999999977,0.3003,MEDIUM
28.500000000000032,84.29999999999976,0.2766,LOW
28.500000000000032,84.34999999999975,0.3281,MEDIUM
28.500000000000032,84.39999999999975,0.2163,LOW
28.500000000000032,84.84999999999972,0.7725,VERY HIGH
28.500000000000032,84.89999999999972,0.2002,LOW
28.500000000000032,84.99999999999972,0.6147,HIGH
28.500000000000032,85.04999999999971,0.2521,LOW
28.500000000000032,85.1999999999997,0.3036,MEDIUM
28.500000000000032,86.09999999999965,0.3526,MEDIUM
28.500000000000032,86.14999999999965,0.4452,HIGH
28.500000000000032,86.44999999999963,0.425,HIGH
28.500000000000032,86.64999999999962,0.4321,HIGH
28.500000000000032,86.74999999999962,0.4856,HIGH
28.500000000000032,87.0499999999996,0.4502,HIGH
28.500000000000032,88.09999999999954,0.4245,HIGH
28.500000000000032,88.14999999999954,0.3924,MEDIUM
28.55000000000004,80.54999999999997,0.6969,HIGH
28.55000000000004,80.59999999999997,0.5019,HIGH
28.55000000000004,80.64999999999996,0.4305,HIGH
28.55000000000004,80.69999999999996,0.6313,HIGH
28.55000000000004,80.84999999999995,0.4234,HIGH
28.55000000000004,80.89999999999995,0.6944,HIGH
28.55000000000004,80.94999999999995,0.6053,HIGH
28.55000000000004,80.99999999999994,0.5347,HIGH
28.55000000000004,81.04999999999994,0.374,MEDIUM
28.55000000000004,81.14999999999993,0.4358,HIGH
28.55000000000004,81.24999999999993,0.4508,HIGH
28.55000000000004,81.29999999999993,0.787,VERY HIGH
28.55000000000004,81.34999999999992,0.7732,VERY HIGH
28.55000000000004,81.39999999999992,0.674,HIGH
28.55000000000004,81.44999999999992,0.8155,VERY HIGH
28.55000000000004,81.49999999999991,0.7521,VERY HIGH
28.55000000000004,81.54999999999991,0.7558,VERY HIGH
28.55000000000004,81.6499999999999,0.6837,HIGH
28.55000000000004,81.6999999999999,0.6468,HIGH
28.55000000000004,81.7499999999999,0.7216,VERY HIGH
28.55000000000004,81.7999999999999,0.7688,VERY HIGH
28.55000000000004,81.8499999999999,0.664,HIGH
28.55000000000004,81.89999999999989,0.5014,HIGH
28.55000000000004,81.94999999999989,0.4821,HIGH
28.55000000000004,81.99999999999989,0.2889,LOW
28.55000000000004,82.04999999999988,0.4538,HIGH
28.55000000000004,82.09999999999988,0.5471,HIGH
28.55000000000004,82.14999999999988,0.6142,HIGH
28.55000000000004,82.19999999999987,0.5392,HIGH
28.55000000000004,82.24999999999987,0.7453,VERY HIGH
28.55000000000004,82.29999999999987,0.6771,HIGH
28.55000000000004,82.34999999999987,0.6195,HIGH
28.55000000000004,82.39999999999986,0.48,HIGH
28.55000000000004,82.44999999999986,0.7552,VERY HIGH
28.55000000000004,82.49999999999986,0.7363,VERY HIGH
28.55000000000004,82.54999999999986,0.5903,HIGH
28.55000000000004,82.59999999999985,0.7549,VERY HIGH
28.55000000000004,82.64999999999985,0.4179,HIGH
28.55000000000004,82.74999999999984,0.3726,MEDIUM
28.55000000000004,82.79999999999984,0.587,HIGH
28.55000000000004,82.84999999999984,0.3645,MEDIUM
28.55000000000004,82.89999999999984,0.3774,MEDIUM
28.55000000000004,82.94999999999983,0.811,VERY HIGH
28.55000000000004,82.99999999999983,0.3453,MEDIUM
28.55000000000004,83.04999999999983,0.6422,HIGH
28.55000000000004,83.09999999999982,0.5962,HIGH
28.55000000000004,83.14999999999982,0.4552,HIGH
28.55000000000004,83.19999999999982,0.3331,MEDIUM
28.55000000000004,83.24999999999982,0.6427,HIGH
28.55000000000004,83.29999999999981,0.6465,HIGH
28.55000000000004,83.34999999999981,0.5415,HIGH
28.55000000000004,83.3999999999998,0.6228,HIGH
28.55000000000004,83.4499999999998,0.5775,HIGH
28.55000000000004,83.4999999999998,0.6369,HIGH
28.55000000000004,83.5499999999998,0.2667,LOW
28.55000000000004,83.5999999999998,0.6735,HIGH
28.55000000000004,83.64999999999979,0.3782,MEDIUM
28.55000000000004,83.69999999999979,0.3767,MEDIUM
28.55000000000004,83.74999999999979,0.1832,LOW
28.55000000000004,84.29999999999976,0.2419,LOW
28.55000000000004,84.34999999999975,0.3238,MEDIUM
28.55000000000004,84.39999999999975,0.6008,HIGH
28.55000000000004,84.64999999999974,0.4446,HIGH
28.55000000000004,84.69999999999973,0.4479,HIGH
28.55000000000004,84.74999999999973,0.2481,LOW
28.55000000000004,84.79999999999973,0.404,HIGH
28.55000000000004,84.84999999999972,0.2996,LOW
28.55000000000004,84.89999999999972,0.425,HIGH
28.55000000000004,85.09999999999971,0.2228,LOW
28.55000000000004,85.1999999999997,0.4107,HIGH
28.55000000000004,85.2499999999997,0.2046,LOW
28.55000000000004,85.2999999999997,0.3528,MEDIUM
28.55000000000004,85.79999999999967,0.4314,HIGH
28.55000000000004,85.99999999999966,0.4343,HIGH
28.55000000000004,86.09999999999965,0.4222,HIGH
28.55000000000004,86.24999999999964,0.4238,HIGH
28.55000000000004,86.39999999999964,0.4507,HIGH
28.55000000000004,86.44999999999963,0.448,HIGH
28.55000000000004,86.54999999999963,0.3637,MEDIUM
28.55000000000004,86.59999999999962,0.467,HIGH
28.55000000000004,86.64999999999962,0.451,HIGH
28.55000000000004,86.69999999999962,0.4339,HIGH
28.55000000000004,86.74999999999962,0.407,HIGH
28.55000000000004,86.84999999999961,0.3942,MEDIUM
28.55000000000004,86.9499999999996,0.428,HIGH
28.55000000000004,86.9999999999996,0.4461,HIGH
28.55000000000004,87.0999999999996,0.3827,MEDIUM
28.55000000000004,87.29999999999959,0.3752,MEDIUM
28.55000000000004,87.34999999999958,0.4182,HIGH
28.55000000000004,87.64999999999957,0.4385,HIGH
28.55000000000004,87.69999999999956,0.4085,HIGH
28.55000000000004,87.74999999999956,0.3905,MEDIUM
28.55000000000004,87.89999999999955,0.455,HIGH
28.55000000000004,87.94999999999955,0.4533,HIGH
28.60000000000004,80.54999999999997,0.6523,HIGH
28.60000000000004,80.59999999999997,0.4728,HIGH
28.60000000000004,80.64999999999996,0.7087,VERY HIGH
28.60000000000004,80.74999999999996,0.5046,HIGH
28.60000000000004,80.84999999999995,0.6893,HIGH
28.60000000000004,80.89999999999995,0.6057,HIGH
28.60000000000004,80.94999999999995,0.7396,VERY HIGH
28.60000000000004,81.14999999999993,0.5427,HIGH
28.60000000000004,81.19999999999993,0.5076,HIGH
28.60000000000004,81.29999999999993,0.5962,HIGH
28.60000000000004,81.34999999999992,0.7927,VERY HIGH
28.60000000000004,81.39999999999992,0.7956,VERY HIGH
28.60000000000004,81.44999999999992,0.8168,VERY HIGH
28.60000000000004,81.49999999999991,0.4872,HIGH
28.60000000000004,81.54999999999991,0.7472,VERY HIGH
28.60000000000004,81.6499999999999,0.7194,VERY HIGH
28.60000000000004,81.6999999999999,0.5029,HIGH
28.60000000000004,81.7499999999999,0.7682,VERY HIGH
28.60000000000004,81.7999999999999,0.7627,VERY HIGH
28.60000000000004,81.8499999999999,0.6376,HIGH
28.60000000000004,81.89999999999989,0.6172,HIGH
28.60000000000004,81.94999999999989,0.7636,VERY HIGH
28.60000000000004,81.99999999999989,0.4259,HIGH
28.60000000000004,82.09999999999988,0.6376,HIGH
28.60000000000004,82.14999999999988,0.5069,HIGH
28.60000000000004,82.19999999999987,0.7891,VERY HIGH
28.60000000000004,82.24999999999987,0.738,VERY HIGH
28.60000000000004,82.29999999999987,0.4405,HIGH
28.60000000000004,82.34999999999987,0.5943,HIGH
28.60000000000004,82.39999999999986,0.6259,HIGH
28.60000000000004,82.44999999999986,0.6741,HIGH
28.60000000000004,82.49999999999986,0.6031,HIGH
28.60000000000004,82.54999999999986,0.7792,VERY HIGH
28.60000000000004,82.59999999999985,0.5998,HIGH
28.60000000000004,82.64999999999985,0.4822,HIGH
28.60000000000004,82.69999999999985,0.7608,VERY HIGH
28.60000000000004,82.74999999999984,0.7418,VERY HIGH
28.60000000000004,82.79999999999984,0.2102,LOW
28.60000000000004,82.84999999999984,0.7523,VERY HIGH
28.60000000000004,82.89999999999984,0.2901,LOW
28.60000000000004,82.94999999999983,0.1509,LOW
28.60000000000004,82.99999999999983,0.161,LOW
28.60000000000004,83.04999999999983,0.4472,HIGH
28.60000000000004,83.14999999999982,0.1585,LOW
28.60000000000004,83.19999999999982,0.5743,HIGH
28.60000000000004,83.29999999999981,0.385,MEDIUM
28.60000000000004,83.34999999999981,0.2421,LOW
28.60000000000004,83.3999999999998,0.3673,MEDIUM
28.60000000000004,83.5999999999998,0.4054,HIGH
28.60000000000004,83.64999999999979,0.2337,LOW
28.60000000000004,83.69999999999979,0.313,MEDIUM
28.60000000000004,83.74999999999979,0.2143,LOW
28.60000000000004,84.04999999999977,0.2873,LOW
28.60000000000004,84.14999999999976,0.3754,MEDIUM
28.60000000000004,84.24999999999976,0.5173,HIGH
28.60000000000004,84.39999999999975,0.2191,LOW
28.60000000000004,84.44999999999975,0.3957,MEDIUM
28.60000000000004,84.49999999999974,0.2598,LOW
28.60000000000004,84.64999999999974,0.2078,LOW
28.60000000000004,84.84999999999972,0.4565,HIGH
28.60000000000004,85.09999999999971,0.4108,HIGH
28.60000000000004,85.2499999999997,0.1815,LOW
28.60000000000004,85.2999999999997,0.3978,MEDIUM
28.60000000000004,85.79999999999967,0.4528,HIGH
28.60000000000004,85.84999999999967,0.4343,HIGH
28.60000000000004,85.89999999999966,0.4485,HIGH
28.60000000000004,85.94999999999966,0.4806,HIGH
28.60000000000004,85.99999999999966,0.4171,HIGH
28.60000000000004,86.04999999999966,0.4644,HIGH
28.60000000000004,86.19999999999965,0.4578,HIGH
28.60000000000004,86.29999999999964,0.4634,HIGH
28.60000000000004,86.44999999999963,0.467,HIGH
28.60000000000004,86.84999999999961,0.4346,HIGH
28.60000000000004,86.89999999999961,0.4396,HIGH
28.60000000000004,86.9499999999996,0.4444,HIGH
28.60000000000004,86.9999999999996,0.4444,HIGH
28.60000000000004,87.1499999999996,0.405,HIGH
28.60000000000004,87.49999999999957,0.4266,HIGH
28.60000000000004,87.69999999999956,0.4085,HIGH
28.60000000000004,88.19999999999953,0.4245,HIGH
28.65000000000004,80.54999999999997,0.5337,HIGH
28.65000000000004,80.69999999999996,0.4931,HIGH
28.65000000000004,80.74999999999996,0.3513,MEDIUM
28.65000000000004,80.84999999999995,0.783,VERY HIGH
28.65000000000004,80.94999999999995,0.6289,HIGH
28.65000000000004,80.99999999999994,0.6805,HIGH
28.65000000000004,81.14999999999993,0.4838,HIGH
28.65000000000004,81.19999999999993,0.5586,HIGH
28.65000000000004,81.24999999999993,0.689,HIGH
28.65000000000004,81.29999999999993,0.5838,HIGH
28.65000000000004,81.34999999999992,0.788,VERY HIGH
28.65000000000004,81.39999999999992,0.7836,VERY HIGH
28.65000000000004,81.44999999999992,0.7373,VERY HIGH
28.65000000000004,81.49999999999991,0.8024,VERY HIGH
28.65000000000004,81.54999999999991,0.7479,VERY HIGH
28.65000000000004,81.59999999999991,0.6823,HIGH
28.65000000000004,81.6499999999999,0.3591,MEDIUM
28.65000000000004,81.6999999999999,0.7575,VERY HIGH
28.65000000000004,81.7499999999999,0.7141,VERY HIGH
28.65000000000004,81.7999999999999,0.5709,HIGH
28.65000000000004,81.8499999999999,0.7297,VERY HIGH
28.65000000000004,81.89999999999989,0.655,HIGH
28.65000000000004,81.94999999999989,0.5562,HIGH
28.65000000000004,81.99999999999989,0.6992,HIGH
28.65000000000004,82.04999999999988,0.4842,HIGH
28.65000000000004,82.14999999999988,0.3154,MEDIUM
28.65000000000004,82.24999999999987,0.6505,HIGH
28.65000000000004,82.29999999999987,0.7128,VERY HIGH
28.65000000000004,82.34999999999987,0.378,MEDIUM
28.65000000000004,82.39999999999986,0.2397,LOW
28.65000000000004,82.44999999999986,0.4138,HIGH
28.65000000000004,82.49999999999986,0.7306,VERY HIGH
28.65000000000004,82.54999999999986,0.4151,HIGH
28.65000000000004,82.59999999999985,0.3984,MEDIUM
28.65000000000004,82.64999999999985,0.233,LOW
28.65000000000004,82.69999999999985,0.4096,HIGH
28.65000000000004,82.74999999999984,0.2176,LOW
28.65000000000004,82.79999999999984,0.3448,MEDIUM
28.65000000000004,82.84999999999984,0.7433,VERY HIGH
28.65000000000004,82.89999999999984,0.3198,MEDIUM
28.65000000000004,82.94999999999983,0.1476,LOW
28.65000000000004,82.99999999999983,0.7062,VERY HIGH
28.65000000000004,83.04999999999983,0.2099,LOW
28.65000000000004,83.09999999999982,0.1539,LOW
28.65000000000004,83.14999999999982,0.1515,LOW
28.65000000000004,83.3999999999998,0.1756,LOW
28.65000000000004,83.5999999999998,0.3805,MEDIUM
28.65000000000004,83.64999999999979,0.4543,HIGH
28.65000000000004,84.14999999999976,0.2822,LOW
28.65000000000004,84.24999999999976,0.4531,HIGH
28.65000000000004,84.59999999999974,0.407,HIGH
28.65000000000004,84.74999999999973,0.3719,MEDIUM
28.65000000000004,84.84999999999972,0.3224,MEDIUM
28.65000000000004,84.89999999999972,0.2007,LOW
28.65000000000004,85.3499999999997,0.3578,MEDIUM
28.65000000000004,85.54999999999968,0.4164,HIGH
28.65000000000004,85.59999999999968,0.4237,HIGH
28.65000000000004,85.89999999999966,0.4504,HIGH
28.65000000000004,86.14999999999965,0.4513,HIGH
28.65000000000004,86.49999999999963,0.4321,HIGH
28.65000000000004,86.54999999999963,0.451,HIGH
28.65000000000004,87.0499999999996,0.4089,HIGH
28.65000000000004,87.29999999999959,0.3913,MEDIUM
28.65000000000004,87.34999999999958,0.3925,MEDIUM
28.65000000000004,87.39999999999958,0.3916,MEDIUM
28.65000000000004,87.44999999999958,0.4053,HIGH
28.65000000000004,87.49999999999957,0.3966,MEDIUM
28.65000000000004,87.59999999999957,0.3887,MEDIUM
28.65000000000004,87.89999999999955,0.4337,HIGH
28.700000000000035,80.59999999999997,0.5183,HIGH
28.700000000000035,80.64999999999996,0.7829,VERY HIGH
28.700000000000035,80.69999999999996,0.7829,VERY HIGH
28.700000000000035,80.74999999999996,0.7402,VERY HIGH
28.700000000000035,80.79999999999995,0.7664,VERY HIGH
28.700000000000035,80.84999999999995,0.7378,VERY HIGH
28.700000000000035,80.89999999999995,0.5696,HIGH
28.700000000000035,80.94999999999995,0.7963,VERY HIGH
28.700000000000035,81.09999999999994,0.783,VERY HIGH
28.700000000000035,81.14999999999993,0.7709,VERY HIGH
28.700000000000035,81.19999999999993,0.7928,VERY HIGH
28.700000000000035,81.24999999999993,0.7661,VERY HIGH
28.700000000000035,81.29999999999993,0.6851,HIGH
28.700000000000035,81.34999999999992,0.7415,VERY HIGH
28.700000000000035,81.39999999999992,0.5188,HIGH
28.700000000000035,81.44999999999992,0.7865,VERY HIGH
28.700000000000035,81.49999999999991,0.7847,VERY HIGH
28.700000000000035,81.54999999999991,0.5976,HIGH
28.700000000000035,81.59999999999991,0.7572,VERY HIGH
28.700000000000035,81.6499999999999,0.8153,VERY HIGH
28.700000000000035,81.6999999999999,0.5201,HIGH
28.700000000000035,81.7499999999999,0.684,HIGH
28.700000000000035,81.7999999999999,0.5651,HIGH
28.700000000000035,81.8499999999999,0.7229,VERY HIGH
28.700000000000035,81.89999999999989,0.3358,MEDIUM
28.700000000000035,81.94999999999989,0.3418,MEDIUM
28.700000000000035,81.99999999999989,0.649,HIGH
28.700000000000035,82.04999999999988,0.5865,HIGH
28.700000000000035,82.09999999999988,0.6537,HIGH
28.700000000000035,82.14999999999988,0.5846,HIGH
28.700000000000035,82.19999999999987,0.5684,HIGH
28.700000000000035,82.24999999999987,0.6706,HIGH
28.700000000000035,82.29999999999987,0.4757,HIGH
28.700000000000035,82.34999999999987,0.6561,HIGH
28.700000000000035,82.39999999999986,0.2678,LOW
28.700000000000035,82.44999999999986,0.6532,HIGH
28.700000000000035,82.49999999999986,0.2473,LOW
28.700000000000035,82.54999999999986,0.652,HIGH
28.700000000000035,82.59999999999985,0.7317,VERY HIGH
28.700000000000035,82.64999999999985,0.6337,HIGH
28.700000000000035,82.69999999999985,0.2284,LOW
28.700000000000035,82.74999999999984,0.7536,VERY HIGH
28.700000000000035,82.79999999999984,0.4595,HIGH
28.700000000000035,82.84999999999984,0.3021,MEDIUM
28.700000000000035,82.89999999999984,0.3694,MEDIUM
28.700000000000035,82.94999999999983,0.2512,LOW
28.700000000000035,82.99999999999983,0.2242,LOW
28.700000000000035,83.04999999999983,0.426,HIGH
28.700000000000035,83.5999999999998,0.1734,LOW
28.700000000000035,83.64999999999979,0.2826,LOW
28.700000000000035,83.69999999999979,0.2949,LOW
28.700000000000035,83.99999999999977,0.2066,LOW
28.700000000000035,84.44999999999975,0.3767,MEDIUM
28.700000000000035,84.69999999999973,0.4105,HIGH
28.700000000000035,84.79999999999973,0.2819,LOW
28.700000000000035,84.89999999999972,0.3397,MEDIUM
28.700000000000035,84.99999999999972,0.2501,LOW
28.700000000000035,85.2499999999997,0.209,LOW
28.700000000000035,85.49999999999969,0.445,HIGH
28.700000000000035,85.54999999999968,0.4006,HIGH
28.700000000000035,85.59999999999968,0.4328,HIGH
28.700000000000035,85.64999999999968,0.4376,HIGH
28.700000000000035,85.69999999999968,0.4506,HIGH
28.700000000000035,85.74999999999967,0.4646,HIGH
28.700000000000035,85.84999999999967,0.4688,HIGH
28.700000000000035,86.19999999999965,0.4644,HIGH
28.700000000000035,86.34999999999964,0.4589,HIGH
28.700000000000035,86.39999999999964,0.4284,HIGH
28.700000000000035,86.49999999999963,0.439,HIGH
28.700000000000035,86.84999999999961,0.3898,MEDIUM
28.700000000000035,86.9999999999996,0.3975,MEDIUM
28.700000000000035,87.0499999999996,0.4177,HIGH
28.700000000000035,87.1499999999996,0.4206,HIGH
28.700000000000035,87.19999999999959,0.4067,HIGH
28.700000000000035,87.24999999999959,0.4169,HIGH
28.700000000000035,87.34999999999958,0.4248,HIGH
28.700000000000035,87.39999999999958,0.4231,HIGH
28.700000000000035,87.54999999999957,0.4031,HIGH
28.700000000000035,87.59999999999957,0.4038,HIGH
28.700000000000035,87.64999999999957,0.3749,MEDIUM
28.700000000000035,87.79999999999956,0.4038,HIGH
28.700000000000035,87.84999999999955,0.3925,MEDIUM
28.700000000000035,87.94999999999955,0.4319,HIGH
28.700000000000035,88.04999999999954,0.4482,HIGH
28.700000000000035,88.19999999999953,0.3788,MEDIUM
28.75000000000004,80.54999999999997,0.6457,HIGH
28.75000000000004,80.69999999999996,0.7379,VERY HIGH
28.75000000000004,80.74999999999996,0.6365,HIGH
28.75000000000004,80.84999999999995,0.7596,VERY HIGH
28.75000000000004,80.94999999999995,0.7554,VERY HIGH
28.75000000000004,80.99999999999994,0.7958,VERY HIGH
28.75000000000004,81.04999999999994,0.7958,VERY HIGH
28.75000000000004,81.09999999999994,0.6545,HIGH
28.75000000000004,81.14999999999993,0.6887,HIGH
28.75000000000004,81.19999999999993,0.7672,VERY HIGH
28.75000000000004,81.24999999999993,0.5331,HIGH
28.75000000000004,81.29999999999993,0.6439,HIGH
28.75000000000004,81.34999999999992,0.7704,VERY HIGH
28.75000000000004,81.39999999999992,0.6437,HIGH
28.75000000000004,81.49999999999991,0.6616,HIGH
28.75000000000004,81.54999999999991,0.7198,VERY HIGH
28.75000000000004,81.59999999999991,0.671,HIGH
28.75000000000004,81.6499999999999,0.4609,HIGH
28.75000000000004,81.6999999999999,0.7341,VERY HIGH
28.75000000000004,81.7499999999999,0.7787,VERY HIGH
28.75000000000004,81.7999999999999,0.7712,VERY HIGH
28.75000000000004,81.8499999999999,0.761,VERY HIGH
28.75000000000004,81.89999999999989,0.7675,VERY HIGH
28.75000000000004,81.99999999999989,0.2887,LOW
28.75000000000004,82.04999999999988,0.2723,LOW
28.75000000000004,82.09999999999988,0.742,VERY HIGH
28.75000000000004,82.14999999999988,0.7298,VERY HIGH
28.75000000000004,82.19999999999987,0.6753,HIGH
28.75000000000004,82.24999999999987,0.7345,VERY HIGH
28.75000000000004,82.29999999999987,0.4094,HIGH
28.75000000000004,82.34999999999987,0.6085,HIGH
28.75000000000004,82.39999999999986,0.3015,MEDIUM
28.75000000000004,82.44999999999986,0.7234,VERY HIGH
28.75000000000004,82.49999999999986,0.4643,HIGH
28.75000000000004,82.54999999999986,0.679,HIGH
28.75000000000004,82.59999999999985,0.2439,LOW
28.75000000000004,82.64999999999985,0.7204,VERY HIGH
28.75000000000004,82.69999999999985,0.1825,LOW
28.75000000000004,82.74999999999984,0.2991,LOW
28.75000000000004,82.79999999999984,0.192,LOW
28.75000000000004,82.84999999999984,0.6706,HIGH
28.75000000000004,82.89999999999984,0.4833,HIGH
28.75000000000004,82.94999999999983,0.2001,LOW
28.75000000000004,83.64999999999979,0.1861,LOW
28.75000000000004,83.69999999999979,0.3248,MEDIUM
28.75000000000004,83.79999999999978,0.194,LOW
28.75000000000004,84.24999999999976,0.207,LOW
28.75000000000004,84.64999999999974,0.3919,MEDIUM
28.75000000000004,84.69999999999973,0.4036,HIGH
28.75000000000004,84.74999999999973,0.3921,MEDIUM
28.75000000000004,84.79999999999973,0.1786,LOW
28.75000000000004,84.89999999999972,0.3893,MEDIUM
28.75000000000004,84.94999999999972,0.3722,MEDIUM
28.75000000000004,85.2499999999997,0.332,MEDIUM
28.75000000000004,85.59999999999968,0.4265,HIGH
28.75000000000004,85.74999999999967,0.4672,HIGH
28.75000000000004,85.79999999999967,0.4481,HIGH
28.75000000000004,85.99999999999966,0.445,HIGH
28.75000000000004,86.09999999999965,0.4423,HIGH
28.75000000000004,86.14999999999965,0.4432,HIGH
28.75000000000004,86.29999999999964,0.4688,HIGH
28.75000000000004,86.34999999999964,0.4078,HIGH
28.75000000000004,86.39999999999964,0.4514,HIGH
28.75000000000004,86.54999999999963,0.4562,HIGH
28.75000000000004,86.64999999999962,0.4052,HIGH
28.75000000000004,86.74999999999962,0.4237,HIGH
28.75000000000004,86.79999999999961,0.4471,HIGH
28.75000000000004,86.84999999999961,0.419,HIGH
28.75000000000004,86.89999999999961,0.3988,MEDIUM
28.75000000000004,86.9499999999996,0.4467,HIGH
28.75000000000004,86.9999999999996,0.396,MEDIUM
28.75000000000004,87.0499999999996,0.3985,MEDIUM
28.75000000000004,87.1499999999996,0.4067,HIGH
28.75000000000004,87.19999999999959,0.4092,HIGH
28.75000000000004,87.24999999999959,0.4067,HIGH
28.75000000000004,87.29999999999959,0.4092,HIGH
28.75000000000004,87.34999999999958,0.4206,HIGH
28.75000000000004,87.54999999999957,0.4092,HIGH
28.75000000000004,87.59999999999957,0.4218,HIGH
28.75000000000004,87.74999999999956,0.4038,HIGH
28.75000000000004,88.09999999999954,0.3884,MEDIUM
28.75000000000004,88.19999999999953,0.3865,MEDIUM
28.80000000000004,80.0,0.7804,VERY HIGH
28.80000000000004,80.1,0.694,HIGH
28.80000000000004,80.14999999999999,0.4376,HIGH
28.80000000000004,80.19999999999999,0.6945,HIGH
28.80000000000004,80.29999999999998,0.5996,HIGH
28.80000000000004,80.34999999999998,0.492,HIGH
28.80000000000004,80.39999999999998,0.6089,HIGH
28.80000000000004,80.44999999999997,0.7405,VERY HIGH
28.80000000000004,80.49999999999997,0.7698,VERY HIGH
28.80000000000004,80.69999999999996,0.492,HIGH
28.80000000000004,80.74999999999996,0.7852,VERY HIGH
28.80000000000004,80.79999999999995,0.5542,HIGH
28.80000000000004,80.84999999999995,0.8086,VERY HIGH
28.80000000000004,80.89999999999995,0.8059,VERY HIGH
28.80000000000004,80.94999999999995,0.7874,VERY HIGH
28.80000000000004,80.99999999999994,0.7661,VERY HIGH
28.80000000000004,81.04999999999994,0.8168,VERY HIGH
28.80000000000004,81.09999999999994,0.818,VERY HIGH
28.80000000000004,81.14999999999993,0.8109,VERY HIGH
28.80000000000004,81.19999999999993,0.5076,HIGH
28.80000000000004,81.24999999999993,0.5704,HIGH
28.80000000000004,81.29999999999993,0.732,VERY HIGH
28.80000000000004,81.34999999999992,0.7725,VERY HIGH
28.80000000000004,81.44999999999992,0.8015,VERY HIGH
28.80000000000004,81.49999999999991,0.6732,HIGH
28.80000000000004,81.54999999999991,0.4785,HIGH
28.80000000000004,81.59999999999991,0.3572,MEDIUM
28.80000000000004,81.6499999999999,0.8,VERY HIGH
28.80000000000004,81.6999999999999,0.4097,HIGH
28.80000000000004,81.7499999999999,0.8111,VERY HIGH
28.80000000000004,81.7999999999999,0.4807,HIGH
28.80000000000004,81.8499999999999,0.5459,HIGH
28.80000000000004,81.89999999999989,0.7478,VERY HIGH
28.80000000000004,81.94999999999989,0.4174,HIGH
28.80000000000004,81.99999999999989,0.4204,HIGH
28.80000000000004,82.04999999999988,0.6619,HIGH
28.80000000000004,82.09999999999988,0.454,HIGH
28.80000000000004,82.14999999999988,0.5884,HIGH
28.80000000000004,82.19999999999987,0.7163,VERY HIGH
28.80000000000004,82.24999999999987,0.3717,MEDIUM
28.80000000000004,82.29999999999987,0.4146,HIGH
28.80000000000004,82.34999999999987,0.2307,LOW
28.80000000000004,82.39999999999986,0.3702,MEDIUM
28.80000000000004,82.44999999999986,0.7528,VERY HIGH
28.80000000000004,82.49999999999986,0.4583,HIGH
28.80000000000004,82.54999999999986,0.3847,MEDIUM
28.80000000000004,82.64999999999985,0.2345,LOW
28.80000000000004,82.69999999999985,0.1918,LOW
28.80000000000004,82.74999999999984,0.3925,MEDIUM
28.80000000000004,82.94999999999983,0.2473,LOW
28.80000000000004,83.64999999999979,0.2201,LOW
28.80000000000004,83.84999999999978,0.2057,LOW
28.80000000000004,84.54999999999974,0.3823,MEDIUM
28.80000000000004,84.59999999999974,0.4074,HIGH
28.80000000000004,85.74999999999967,0.4623,HIGH
28.80000000000004,85.79999999999967,0.4457,HIGH
28.80000000000004,85.84999999999967,0.4329,HIGH
28.80000000000004,86.09999999999965,0.3869,MEDIUM
28.80000000000004,86.39999999999964,0.4427,HIGH
28.80000000000004,86.44999999999963,0.43,HIGH
28.80000000000004,86.64999999999962,0.4161,HIGH
28.80000000000004,86.69999999999962,0.4265,HIGH
28.80000000000004,86.74999999999962,0.3944,MEDIUM
28.80000000000004,86.79999999999961,0.4448,HIGH
28.80000000000004,86.84999999999961,0.4127,HIGH
28.80000000000004,86.9999999999996,0.4139,HIGH
28.80000000000004,87.0999999999996,0.409,HIGH
28.80000000000004,87.1499999999996,0.405,HIGH
28.80000000000004,87.24999999999959,0.4067,HIGH
28.80000000000004,87.29999999999959,0.4169,HIGH
28.80000000000004,87.34999999999958,0.4326,HIGH
28.80000000000004,87.39999999999958,0.4248,HIGH
28.80000000000004,87.74999999999956,0.4038,HIGH
28.80000000000004,87.94999999999955,0.4002,HIGH
28.80000000000004,87.99999999999955,0.4507,HIGH
28.85000000000004,80.0,0.6257,HIGH
28.85000000000004,80.14999999999999,0.6817,HIGH
28.85000000000004,80.19999999999999,0.607,HIGH
28.85000000000004,80.29999999999998,0.4443,HIGH
28.85000000000004,80.44999999999997,0.7787,VERY HIGH
28.85000000000004,80.49999999999997,0.7464,VERY HIGH
28.85000000000004,80.54999999999997,0.3906,MEDIUM
28.85000000000004,80.59999999999997,0.5254,HIGH
28.85000000000004,80.64999999999996,0.5091,HIGH
28.85000000000004,80.69999999999996,0.7752,VERY HIGH
28.85000000000004,80.74999999999996,0.8168,VERY HIGH
28.85000000000004,80.79999999999995,0.8015,VERY HIGH
28.85000000000004,80.84999999999995,0.8165,VERY HIGH
28.85000000000004,80.89999999999995,0.8113,VERY HIGH
28.85000000000004,80.94999999999995,0.8249,VERY HIGH
28.85000000000004,80.99999999999994,0.7721,VERY HIGH
28.85000000000004,81.04999999999994,0.6982,HIGH
28.85000000000004,81.09999999999994,0.8113,VERY HIGH
28.85000000000004,81.14999999999993,0.497,HIGH
28.85000000000004,81.24999999999993,0.7746,VERY HIGH
28.85000000000004,81.29999999999993,0.714,VERY HIGH
28.85000000000004,81.34999999999992,0.7522,VERY HIGH
28.85000000000004,81.44999999999992,0.6444,HIGH
28.85000000000004,81.49999999999991,0.5409,HIGH
28.85000000000004,81.54999999999991,0.6528,HIGH
28.85000000000004,81.59999999999991,0.7058,VERY HIGH
28.85000000000004,81.6499999999999,0.7083,VERY HIGH
28.85000000000004,81.6999999999999,0.7298,VERY HIGH
28.85000000000004,81.7499999999999,0.6794,HIGH
28.85000000000004,81.7999999999999,0.7501,VERY HIGH
28.85000000000004,81.8499999999999,0.7589,VERY HIGH
28.85000000000004,81.89999999999989,0.4946,HIGH
28.85000000000004,81.94999999999989,0.2774,LOW
28.85000000000004,81.99999999999989,0.5958,HIGH
28.85000000000004,82.04999999999988,0.4647,HIGH
28.85000000000004,82.09999999999988,0.3981,MEDIUM
28.85000000000004,82.14999999999988,0.3639,MEDIUM
28.85000000000004,82.19999999999987,0.6938,HIGH
28.85000000000004,82.24999999999987,0.5589,HIGH
28.85000000000004,82.29999999999987,0.2302,LOW
28.85000000000004,82.34999999999987,0.7409,VERY HIGH
28.85000000000004,82.39999999999986,0.3475,MEDIUM
28.85000000000004,82.44999999999986,0.3582,MEDIUM
28.85000000000004,82.49999999999986,0.4132,HIGH
28.85000000000004,82.54999999999986,0.2787,LOW
28.85000000000004,82.74999999999984,0.3798,MEDIUM
28.85000000000004,82.79999999999984,0.1916,LOW
28.85000000000004,82.99999999999983,0.2958,LOW
28.85000000000004,83.19999999999982,0.4082,HIGH
28.85000000000004,83.24999999999982,0.3636,MEDIUM
28.85000000000004,84.24999999999976,0.3813,MEDIUM
28.85000000000004,85.14999999999971,0.3622,MEDIUM
28.85000000000004,85.1999999999997,0.3309,MEDIUM
28.85000000000004,85.2499999999997,0.3689,MEDIUM
28.85000000000004,85.69999999999968,0.4522,HIGH
28.85000000000004,85.74999999999967,0.4189,HIGH
28.85000000000004,85.79999999999967,0.4189,HIGH
28.85000000000004,85.84999999999967,0.4329,HIGH
28.85000000000004,85.89999999999966,0.4189,HIGH
28.85000000000004,86.09999999999965,0.449,HIGH
28.85000000000004,86.19999999999965,0.4161,HIGH
28.85000000000004,86.24999999999964,0.4447,HIGH
28.85000000000004,86.29999999999964,0.4394,HIGH
28.85000000000004,86.34999999999964,0.4815,HIGH
28.85000000000004,86.69999999999962,0.4313,HIGH
28.85000000000004,86.9999999999996,0.3884,MEDIUM
28.85000000000004,87.0499999999996,0.3861,MEDIUM
28.85000000000004,87.0999999999996,0.4048,HIGH
28.85000000000004,87.19999999999959,0.4248,HIGH
28.85000000000004,87.24999999999959,0.3913,MEDIUM
28.85000000000004,87.29999999999959,0.4206,HIGH
28.85000000000004,87.34999999999958,0.4389,HIGH
28.85000000000004,87.39999999999958,0.3705,MEDIUM
28.85000000000004,87.49999999999957,0.4206,HIGH
28.85000000000004,87.64999999999957,0.3884,MEDIUM
28.85000000000004,87.74999999999956,0.4157,HIGH
28.85000000000004,87.84999999999955,0.4038,HIGH
28.85000000000004,87.89999999999955,0.4038,HIGH
28.85000000000004,87.94999999999955,0.3901,MEDIUM
28.85000000000004,87.99999999999955,0.4507,HIGH
28.85000000000004,88.04999999999954,0.3901,MEDIUM
28.90000000000004,80.0,0.6206,HIGH
28.90000000000004,80.05,0.6372,HIGH
28.90000000000004,80.14999999999999,0.6314,HIGH
28.90000000000004,80.19999999999999,0.6129,HIGH
28.90000000000004,80.24999999999999,0.615,HIGH
28.90000000000004,80.29999999999998,0.7982,VERY HIGH
28.90000000000004,80.34999999999998,0.4469,HIGH
28.90000000000004,80.44999999999997,0.7869,VERY HIGH
28.90000000000004,80.49999999999997,0.4284,HIGH
28.90000000000004,80.54999999999997,0.7874,VERY HIGH
28.90000000000004,80.59999999999997,0.8126,VERY HIGH
28.90000000000004,80.64999999999996,0.7942,VERY HIGH
28.90000000000004,80.69999999999996,0.8234,VERY HIGH
28.90000000000004,80.74999999999996,0.828,VERY HIGH
28.90000000000004,80.84999999999995,0.7793,VERY HIGH
28.90000000000004,80.89999999999995,0.8126,VERY HIGH
28.90000000000004,80.94999999999995,0.811,VERY HIGH
28.90000000000004,80.99999999999994,0.7834,VERY HIGH
28.90000000000004,81.04999999999994,0.675,HIGH
28.90000000000004,81.09999999999994,0.7541,VERY HIGH
28.90000000000004,81.14999999999993,0.6829,HIGH
28.90000000000004,81.19999999999993,0.7942,VERY HIGH
28.90000000000004,81.24999999999993,0.7878,VERY HIGH
28.90000000000004,81.29999999999993,0.8059,VERY HIGH
28.90000000000004,81.34999999999992,0.4148,HIGH
28.90000000000004,81.39999999999992,0.6597,HIGH
28.90000000000004,81.44999999999992,0.6813,HIGH
28.90000000000004,81.49999999999991,0.46,HIGH
28.90000000000004,81.54999999999991,0.6713,HIGH
28.90000000000004,81.59999999999991,0.6675,HIGH
28.90000000000004,81.6499999999999,0.3195,MEDIUM
28.90000000000004,81.7499999999999,0.676,HIGH
28.90000000000004,81.7999999999999,0.6477,HIGH
28.90000000000004,81.8499999999999,0.7502,VERY HIGH
28.90000000000004,81.89999999999989,0.7654,VERY HIGH
28.90000000000004,81.94999999999989,0.4135,HIGH
28.90000000000004,81.99999999999989,0.7501,VERY HIGH
28.90000000000004,82.04999999999988,0.7403,VERY HIGH
28.90000000000004,82.09999999999988,0.6883,HIGH
28.90000000000004,82.14999999999988,0.6011,HIGH
28.90000000000004,82.19999999999987,0.6774,HIGH
28.90000000000004,82.24999999999987,0.7181,VERY HIGH
28.90000000000004,82.29999999999987,0.6661,HIGH
28.90000000000004,82.34999999999987,0.7753,VERY HIGH
28.90000000000004,82.39999999999986,0.352,MEDIUM
28.90000000000004,82.44999999999986,0.3773,MEDIUM
28.90000000000004,82.49999999999986,0.2282,LOW
28.90000000000004,82.54999999999986,0.2499,LOW
28.90000000000004,82.59999999999985,0.331,MEDIUM
28.90000000000004,82.64999999999985,0.4141,HIGH
28.90000000000004,82.79999999999984,0.1858,LOW
28.90000000000004,82.84999999999984,0.2201,LOW
28.90000000000004,82.89999999999984,0.3118,MEDIUM
28.90000000000004,82.94999999999983,0.3181,MEDIUM
28.90000000000004,82.99999999999983,0.1864,LOW
28.90000000000004,83.04999999999983,0.2535,LOW
28.90000000000004,83.09999999999982,0.1961,LOW
28.90000000000004,83.14999999999982,0.3238,MEDIUM
28.90000000000004,83.19999999999982,0.2103,LOW
28.90000000000004,83.34999999999981,0.3465,MEDIUM
28.90000000000004,83.89999999999978,0.3658,MEDIUM
28.90000000000004,83.94999999999978,0.2743,LOW
28.90000000000004,85.09999999999971,0.3813,MEDIUM
28.90000000000004,85.1999999999997,0.4,MEDIUM
28.90000000000004,85.2499999999997,0.3813,MEDIUM
28.90000000000004,85.64999999999968,0.4181,HIGH
28.90000000000004,86.24999999999964,0.4311,HIGH
28.90000000000004,86.74999999999962,0.4219,HIGH
28.90000000000004,86.84999999999961,0.4264,HIGH
28.90000000000004,86.89999999999961,0.4212,HIGH
28.90000000000004,86.9499999999996,0.434,HIGH
28.90000000000004,87.1499999999996,0.3923,MEDIUM
28.90000000000004,87.39999999999958,0.4206,HIGH
28.90000000000004,87.44999999999958,0.4067,HIGH
28.90000000000004,87.59999999999957,0.4255,HIGH
28.90000000000004,87.69999999999956,0.3749,MEDIUM
28.90000000000004,87.74999999999956,0.3749,MEDIUM
28.90000000000004,87.79999999999956,0.3901,MEDIUM
28.90000000000004,88.04999999999954,0.3749,MEDIUM
28.90000000000004,88.09999999999954,0.3901,MEDIUM
28.90000000000004,88.14999999999954,0.3731,MEDIUM
28.90000000000004,88.19999999999953,0.3376,MEDIUM
28.95000000000004,80.05,0.8088,VERY HIGH
28.95000000000004,80.14999999999999,0.7511,VERY HIGH
28.95000000000004,80.19999999999999,0.5134,HIGH
28.95000000000004,80.24999999999999,0.7033,VERY HIGH
28.95000000000004,80.39999999999998,0.7647,VERY HIGH
28.95000000000004,80.44999999999997,0.7965,VERY HIGH
28.95000000000004,80.49999999999997,0.7998,VERY HIGH
28.95000000000004,80.54999999999997,0.7732,VERY HIGH
28.95000000000004,80.59999999999997,0.7599,VERY HIGH
28.95000000000004,80.64999999999996,0.818,VERY HIGH
28.95000000000004,80.69999999999996,0.7114,VERY HIGH
28.95000000000004,80.74999999999996,0.8098,VERY HIGH
28.95000000000004,80.79999999999995,0.8063,VERY HIGH
28.95000000000004,80.84999999999995,0.804,VERY HIGH
28.95000000000004,80.89999999999995,0.7847,VERY HIGH
28.95000000000004,80.94999999999995,0.8047,VERY HIGH
28.95000000000004,80.99999999999994,0.5069,HIGH
28.95000000000004,81.04999999999994,0.5582,HIGH
28.95000000000004,81.09999999999994,0.8185,VERY HIGH
28.95000000000004,81.14999999999993,0.5077,HIGH
28.95000000000004,81.19999999999993,0.5909,HIGH
28.95000000000004,81.29999999999993,0.5308,HIGH
28.95000000000004,81.34999999999992,0.4424,HIGH
28.95000000000004,81.39999999999992,0.492,HIGH
28.95000000000004,81.44999999999992,0.4916,HIGH
28.95000000000004,81.49999999999991,0.6922,HIGH
28.95000000000004,81.54999999999991,0.4582,HIGH
28.95000000000004,81.59999999999991,0.3934,MEDIUM
28.95000000000004,81.6499999999999,0.4764,HIGH
28.95000000000004,81.7499999999999,0.7766,VERY HIGH
28.95000000000004,81.7999999999999,0.4319,HIGH
28.95000000000004,81.8499999999999,0.7501,VERY HIGH
28.95000000000004,81.89999999999989,0.7534,VERY HIGH
28.95000000000004,81.94999999999989,0.6313,HIGH
28.95000000000004,81.99999999999989,0.7804,VERY HIGH
28.95000000000004,82.04999999999988,0.4344,HIGH
28.95000000000004,82.09999999999988,0.7353,VERY HIGH
28.95000000000004,82.14999999999988,0.7504,VERY HIGH
28.95000000000004,82.19999999999987,0.7155,VERY HIGH
28.95000000000004,82.24999999999987,0.2498,LOW
28.95000000000004,82.29999999999987,0.2319,LOW
28.95000000000004,82.34999999999987,0.4619,HIGH
28.95000000000004,82.39999999999986,0.3253,MEDIUM
28.95000000000004,82.44999999999986,0.6753,HIGH
28.95000000000004,82.49999999999986,0.6152,HIGH
28.95000000000004,82.54999999999986,0.2456,LOW
28.95000000000004,82.59999999999985,0.2752,LOW
28.95000000000004,82.64999999999985,0.288,LOW
28.95000000000004,82.69999999999985,0.6972,HIGH
28.95000000000004,82.74999999999984,0.2937,LOW
28.95000000000004,82.79999999999984,0.2672,LOW
28.95000000000004,82.84999999999984,0.1753,LOW
28.95000000000004,82.89999999999984,0.261,LOW
28.95000000000004,82.94999999999983,0.1682,LOW
28.95000000000004,82.99999999999983,0.2008,LOW
28.95000000000004,83.04999999999983,0.3756,MEDIUM
28.95000000000004,83.09999999999982,0.3882,MEDIUM
28.95000000000004,83.34999999999981,0.2089,LOW
28.95000000000004,84.29999999999976,0.3813,MEDIUM
28.95000000000004,85.1999999999997,0.3971,MEDIUM
28.95000000000004,85.3499999999997,0.3662,MEDIUM
28.95000000000004,85.64999999999968,0.4373,HIGH
28.95000000000004,86.19999999999965,0.4349,HIGH
28.95000000000004,86.29999999999964,0.4462,HIGH
28.95000000000004,86.34999999999964,0.3611,MEDIUM
28.95000000000004,86.9999999999996,0.4671,HIGH
28.95000000000004,87.44999999999958,0.4366,HIGH
28.95000000000004,87.54999999999957,0.4366,HIGH
28.95000000000004,87.59999999999957,0.4187,HIGH
28.95000000000004,87.69999999999956,0.3901,MEDIUM
28.95000000000004,87.74999999999956,0.4079,HIGH
28.95000000000004,87.79999999999956,0.3865,MEDIUM
28.95000000000004,87.84999999999955,0.3884,MEDIUM
28.95000000000004,87.89999999999955,0.3779,MEDIUM
28.95000000000004,87.99999999999955,0.4521,HIGH
28.95000000000004,88.04999999999954,0.3749,MEDIUM
28.95000000000004,88.09999999999954,0.3901,MEDIUM
28.95000000000004,88.14999999999954,0.3901,MEDIUM
29.00000000000004,80.0,0.8223,VERY HIGH
29.00000000000004,80.05,0.7852,VERY HIGH
29.00000000000004,80.1,0.574,HIGH
29.00000000000004,80.24999999999999,0.6537,HIGH
29.00000000000004,80.29999999999998,0.7144,VERY HIGH
29.00000000000004,80.34999999999998,0.7862,VERY HIGH
29.00000000000004,80.39999999999998,0.6481,HIGH
29.00000000000004,80.44999999999997,0.7638,VERY HIGH
29.00000000000004,80.54999999999997,0.6829,HIGH
29.00000000000004,80.59999999999997,0.6558,HIGH
29.00000000000004,80.64999999999996,0.6728,HIGH
29.00000000000004,80.69999999999996,0.651,HIGH
29.00000000000004,80.74999999999996,0.4955,HIGH
29.00000000000004,80.79999999999995,0.5137,HIGH
29.00000000000004,80.84999999999995,0.6912,HIGH
29.00000000000004,80.89999999999995,0.6138,HIGH
29.00000000000004,80.94999999999995,0.7931,VERY HIGH
29.00000000000004,80.99999999999994,0.7064,VERY HIGH
29.00000000000004,81.04999999999994,0.86,VERY HIGH
29.00000000000004,81.09999999999994,0.7088,VERY HIGH
29.00000000000004,81.14999999999993,0.502,HIGH
29.00000000000004,81.19999999999993,0.779,VERY HIGH
29.00000000000004,81.24999999999993,0.4786,HIGH
29.00000000000004,81.29999999999993,0.5178,HIGH
29.00000000000004,81.34999999999992,0.6688,HIGH
29.00000000000004,81.39999999999992,0.5038,HIGH
29.00000000000004,81.44999999999992,0.3436,MEDIUM
29.00000000000004,81.49999999999991,0.3806,MEDIUM
29.00000000000004,81.54999999999991,0.4799,HIGH
29.00000000000004,81.59999999999991,0.5192,HIGH
29.00000000000004,81.6499999999999,0.4683,HIGH
29.00000000000004,81.6999999999999,0.7528,VERY HIGH
29.00000000000004,81.7499999999999,0.4806,HIGH
29.00000000000004,81.7999999999999,0.6297,HIGH
29.00000000000004,81.8499999999999,0.6447,HIGH
29.00000000000004,81.89999999999989,0.6389,HIGH
29.00000000000004,81.94999999999989,0.4149,HIGH
29.00000000000004,81.99999999999989,0.7338,VERY HIGH
29.00000000000004,82.09999999999988,0.4524,HIGH
29.00000000000004,82.14999999999988,0.7119,VERY HIGH
29.00000000000004,82.19999999999987,0.6266,HIGH
29.00000000000004,82.24999999999987,0.6968,HIGH
29.00000000000004,82.29999999999987,0.7312,VERY HIGH
29.00000000000004,82.34999999999987,0.3237,MEDIUM
29.00000000000004,82.44999999999986,0.4485,HIGH
29.00000000000004,82.49999999999986,0.2797,LOW
29.00000000000004,82.54999999999986,0.2084,LOW
29.00000000000004,82.59999999999985,0.1817,LOW
29.00000000000004,82.64999999999985,0.1817,LOW
29.00000000000004,82.69999999999985,0.1719,LOW
29.00000000000004,82.74999999999984,0.302,MEDIUM
29.00000000000004,82.79999999999984,0.1842,LOW
29.00000000000004,82.84999999999984,0.3265,MEDIUM
29.00000000000004,82.89999999999984,0.2323,LOW
29.00000000000004,82.94999999999983,0.4214,HIGH
29.00000000000004,83.04999999999983,0.4092,HIGH
29.00000000000004,84.79999999999973,0.4371,HIGH
29.00000000000004,85.14999999999971,0.4161,HIGH
29.00000000000004,85.49999999999969,0.3794,MEDIUM
29.00000000000004,86.19999999999965,0.4462,HIGH
29.00000000000004,86.24999999999964,0.4487,HIGH
29.00000000000004,86.29999999999964,0.4462,HIGH
29.00000000000004,86.34999999999964,0.3611,MEDIUM
29.00000000000004,86.39999999999964,0.4789,HIGH
29.00000000000004,86.54999999999963,0.4868,HIGH
29.00000000000004,86.59999999999962,0.4587,HIGH
29.00000000000004,86.64999999999962,0.473,HIGH
29.00000000000004,86.69999999999962,0.4776,HIGH
29.00000000000004,86.74999999999962,0.4698,HIGH
29.00000000000004,86.79999999999961,0.4538,HIGH
29.00000000000004,86.9499999999996,0.4753,HIGH
29.00000000000004,87.0499999999996,0.396,MEDIUM
29.00000000000004,87.39999999999958,0.4366,HIGH
29.00000000000004,87.44999999999958,0.4226,HIGH
29.00000000000004,87.49999999999957,0.4346,HIGH
29.00000000000004,87.59999999999957,0.4058,HIGH
29.00000000000004,87.64999999999957,0.4378,HIGH
29.00000000000004,87.69999999999956,0.3901,MEDIUM
29.00000000000004,87.74999999999956,0.4086,HIGH
29.00000000000004,87.79999999999956,0.3932,MEDIUM
29.00000000000004,87.84999999999955,0.3865,MEDIUM
29.00000000000004,87.89999999999955,0.4038,HIGH
29.00000000000004,87.94999999999955,0.3664,MEDIUM
29.00000000000004,88.04999999999954,0.3521,MEDIUM
29.00000000000004,88.09999999999954,0.3766,MEDIUM
29.00000000000004,88.14999999999954,0.3766,MEDIUM
29.00000000000004,88.19999999999953,0.3865,MEDIUM
29.05000000000004,80.0,0.752,VERY HIGH
29.05000000000004,80.05,0.6031,HIGH
29.05000000000004,80.1,0.5788,HIGH
29.05000000000004,80.14999999999999,0.6793,HIGH
29.05000000000004,80.19999999999999,0.7146,VERY HIGH
29.05000000000004,80.24999999999999,0.7914,VERY HIGH
29.05000000000004,80.29999999999998,0.8042,VERY HIGH
29.05000000000004,80.34999999999998,0.6631,HIGH
29.05000000000004,80.39999999999998,0.758,VERY HIGH
29.05000000000004,80.44999999999997,0.8017,VERY HIGH
29.05000000000004,80.49999999999997,0.8045,VERY HIGH
29.05000000000004,80.54999999999997,0.6354,HIGH
29.05000000000004,80.59999999999997,0.4908,HIGH
29.05000000000004,80.64999999999996,0.4921,HIGH
29.05000000000004,80.69999999999996,0.7473,VERY HIGH
29.05000000000004,80.74999999999996,0.6498,HIGH
29.05000000000004,80.79999999999995,0.7722,VERY HIGH
29.05000000000004,80.84999999999995,0.7381,VERY HIGH
29.05000000000004,80.89999999999995,0.7137,VERY HIGH
29.05000000000004,80.94999999999995,0.3651,MEDIUM
29.05000000000004,80.99999999999994,0.6684,HIGH
29.05000000000004,81.04999999999994,0.7416,VERY HIGH
29.05000000000004,81.09999999999994,0.8063,VERY HIGH
29.05000000000004,81.14999999999993,0.5689,HIGH
29.05000000000004,81.19999999999993,0.6892,HIGH
29.05000000000004,81.24999999999993,0.5775,HIGH
29.05000000000004,81.29999999999993,0.6048,HIGH
29.05000000000004,81.34999999999992,0.3488,MEDIUM
29.05000000000004,81.49999999999991,0.3146,MEDIUM
29.05000000000004,81.54999999999991,0.5364,HIGH
29.05000000000004,81.59999999999991,0.7642,VERY HIGH
29.05000000000004,81.6499999999999,0.7597,VERY HIGH
29.05000000000004,81.6999999999999,0.7675,VERY HIGH
29.05000000000004,81.7499999999999,0.7621,VERY HIGH
29.05000000000004,81.7999999999999,0.5017,HIGH
29.05000000000004,81.8499999999999,0.4178,HIGH
29.05000000000004,81.89999999999989,0.6671,HIGH
29.05000000000004,81.94999999999989,0.4396,HIGH
29.05000000000004,81.99999999999989,0.3019,MEDIUM
29.05000000000004,82.04999999999988,0.7233,VERY HIGH
29.05000000000004,82.09999999999988,0.7049,VERY HIGH
29.05000000000004,82.19999999999987,0.3827,MEDIUM
29.05000000000004,82.24999999999987,0.2216,LOW
29.05000000000004,82.29999999999987,0.5719,HIGH
29.05000000000004,82.34999999999987,0.3697,MEDIUM
29.05000000000004,82.44999999999986,0.4104,HIGH
29.05000000000004,82.49999999999986,0.6717,HIGH
29.05000000000004,82.54999999999986,0.2509,LOW
29.05000000000004,82.59999999999985,0.2432,LOW
29.05000000000004,82.64999999999985,0.1997,LOW
29.05000000000004,82.69999999999985,0.2892,LOW
29.05000000000004,82.74999999999984,0.1864,LOW
29.05000000000004,82.79999999999984,0.2242,LOW
29.05000000000004,82.84999999999984,0.1842,LOW
29.05000000000004,82.89999999999984,0.3169,MEDIUM
29.05000000000004,82.94999999999983,0.1978,LOW
29.05000000000004,83.04999999999983,0.4365,HIGH
29.05000000000004,83.09999999999982,0.41,HIGH
29.05000000000004,83.14999999999982,0.3697,MEDIUM
29.05000000000004,83.19999999999982,0.3697,MEDIUM
29.05000000000004,83.34999999999981,0.1368,LOW
29.05000000000004,83.84999999999978,0.3523,MEDIUM
29.05000000000004,84.34999999999975,0.4679,HIGH
29.05000000000004,84.69999999999973,0.4213,HIGH
29.05000000000004,85.14999999999971,0.4292,HIGH
29.05000000000004,85.2499999999997,0.445,HIGH
29.05000000000004,85.84999999999967,0.4051,HIGH
29.05000000000004,85.89999999999966,0.4189,HIGH
29.05000000000004,85.94999999999966,0.4472,HIGH
29.05000000000004,85.99999999999966,0.4341,HIGH
29.05000000000004,86.09999999999965,0.4006,HIGH
29.05000000000004,86.34999999999964,0.3932,MEDIUM
29.05000000000004,86.39999999999964,0.4097,HIGH
29.05000000000004,86.64999999999962,0.4144,HIGH
29.05000000000004,86.69999999999962,0.4005,HIGH
29.05000000000004,87.0499999999996,0.3955,MEDIUM
29.05000000000004,87.0999999999996,0.4218,HIGH
29.05000000000004,87.19999999999959,0.4236,HIGH
29.05000000000004,87.29999999999959,0.2602,LOW
29.05000000000004,87.39999999999958,0.4209,HIGH
29.05000000000004,87.44999999999958,0.4269,HIGH
29.05000000000004,87.54999999999957,0.4101,HIGH
29.05000000000004,87.79999999999956,0.4002,HIGH
29.05000000000004,87.84999999999955,0.3884,MEDIUM
29.05000000000004,87.89999999999955,0.4225,HIGH
29.05000000000004,87.94999999999955,0.4018,HIGH
29.05000000000004,87.99999999999955,0.3824,MEDIUM
29.05000000000004,88.04999999999954,0.3766,MEDIUM
29.05000000000004,88.09999999999954,0.4079,HIGH
29.05000000000004,88.14999999999954,0.3901,MEDIUM
29.05000000000004,88.19999999999953,0.3901,MEDIUM
29.10000000000004,80.0,0.7656,VERY HIGH
29.10000000000004,80.05,0.7801,VERY HIGH
29.10000000000004,80.1,0.6369,HIGH
29.10000000000004,80.19999999999999,0.8029,VERY HIGH
29.10000000000004,80.24999999999999,0.6881,HIGH
29.10000000000004,80.29999999999998,0.5246,HIGH
29.10000000000004,80.34999999999998,0.3452,MEDIUM
29.10000000000004,80.39999999999998,0.7956,VERY HIGH
29.10000000000004,80.44999999999997,0.7928,VERY HIGH
29.10000000000004,80.49999999999997,0.7742,VERY HIGH
29.10000000000004,80.54999999999997,0.7091,VERY HIGH
29.10000000000004,80.59999999999997,0.7655,VERY HIGH
29.10000000000004,80.64999999999996,0.6784,HIGH
29.10000000000004,80.69999999999996,0.8072,VERY HIGH
29.10000000000004,80.74999999999996,0.7739,VERY HIGH
29.10000000000004,80.79999999999995,0.7652,VERY HIGH
29.10000000000004,80.84999999999995,0.7643,VERY HIGH
29.10000000000004,80.89999999999995,0.797,VERY HIGH
29.10000000000004,80.94999999999995,0.8224,VERY HIGH
29.10000000000004,80.99999999999994,0.4777,HIGH
29.10000000000004,81.04999999999994,0.6888,HIGH
29.10000000000004,81.09999999999994,0.507,HIGH
29.10000000000004,81.14999999999993,0.6863,HIGH
29.10000000000004,81.19999999999993,0.6922,HIGH
29.10000000000004,81.24999999999993,0.3421,MEDIUM
29.10000000000004,81.29999999999993,0.4911,HIGH
29.10000000000004,81.34999999999992,0.772,VERY HIGH
29.10000000000004,81.44999999999992,0.4445,HIGH
29.10000000000004,81.49999999999991,0.5501,HIGH
29.10000000000004,81.54999999999991,0.686,HIGH
29.10000000000004,81.59999999999991,0.4361,HIGH
29.10000000000004,81.6499999999999,0.482,HIGH
29.10000000000004,81.6999999999999,0.4484,HIGH
29.10000000000004,81.7499999999999,0.3768,MEDIUM
29.10000000000004,81.7999999999999,0.7006,VERY HIGH
29.10000000000004,81.8499999999999,0.3972,MEDIUM
29.10000000000004,81.89999999999989,0.2649,LOW
29.10000000000004,81.94999999999989,0.7903,VERY HIGH
29.10000000000004,81.99999999999989,0.2063,LOW
29.10000000000004,82.04999999999988,0.6617,HIGH
29.10000000000004,82.09999999999988,0.3727,MEDIUM
29.10000000000004,82.14999999999988,0.2252,LOW
29.10000000000004,82.19999999999987,0.44,HIGH
29.10000000000004,82.29999999999987,0.4042,HIGH
29.10000000000004,82.34999999999987,0.3952,MEDIUM
29.10000000000004,82.39999999999986,0.3016,MEDIUM
29.10000000000004,82.44999999999986,0.3122,MEDIUM
29.10000000000004,82.49999999999986,0.3331,MEDIUM
29.10000000000004,82.54999999999986,0.3484,MEDIUM
29.10000000000004,82.59999999999985,0.4224,HIGH
29.10000000000004,82.64999999999985,0.2492,LOW
29.10000000000004,82.84999999999984,0.4326,HIGH
29.10000000000004,82.89999999999984,0.3691,MEDIUM
29.10000000000004,82.94999999999983,0.3867,MEDIUM
29.10000000000004,83.14999999999982,0.3503,MEDIUM
29.10000000000004,83.19999999999982,0.3782,MEDIUM
29.10000000000004,83.34999999999981,0.3782,MEDIUM
29.10000000000004,83.84999999999978,0.203,LOW
29.10000000000004,84.09999999999977,0.4203,HIGH
29.10000000000004,84.29999999999976,0.4189,HIGH
29.10000000000004,84.34999999999975,0.4309,HIGH
29.10000000000004,84.39999999999975,0.4033,HIGH
29.10000000000004,84.44999999999975,0.4213,HIGH
29.10000000000004,84.59999999999974,0.4609,HIGH
29.10000000000004,84.99999999999972,0.4321,HIGH
29.10000000000004,85.04999999999971,0.4025,HIGH
29.10000000000004,85.2499999999997,0.445,HIGH
29.10000000000004,85.2999999999997,0.4023,HIGH
29.10000000000004,85.3499999999997,0.4023,HIGH
29.10000000000004,85.44999999999969,0.4032,HIGH
29.10000000000004,85.54999999999968,0.4198,HIGH
29.10000000000004,85.59999999999968,0.4032,HIGH
29.10000000000004,85.64999999999968,0.4023,HIGH
29.10000000000004,85.69999999999968,0.4006,HIGH
29.10000000000004,85.74999999999967,0.4023,HIGH
29.10000000000004,85.79999999999967,0.4329,HIGH
29.10000000000004,85.84999999999967,0.4309,HIGH
29.10000000000004,85.89999999999966,0.4161,HIGH
29.10000000000004,85.99999999999966,0.3932,MEDIUM
29.10000000000004,86.09999999999965,0.4097,HIGH
29.10000000000004,86.14999999999965,0.4309,HIGH
29.10000000000004,86.34999999999964,0.4329,HIGH
29.10000000000004,86.44999999999963,0.4354,HIGH
29.10000000000004,86.49999999999963,0.4006,HIGH
29.10000000000004,86.54999999999963,0.4023,HIGH
29.10000000000004,86.59999999999962,0.4189,HIGH
29.10000000000004,86.64999999999962,0.407,HIGH
29.10000000000004,86.79999999999961,0.4251,HIGH
29.10000000000004,86.84999999999961,0.3903,MEDIUM
29.10000000000004,86.89999999999961,0.3903,MEDIUM
29.10000000000004,87.0499999999996,0.373,MEDIUM
29.10000000000004,87.0999999999996,0.4259,HIGH
29.10000000000004,87.1499999999996,0.3862,MEDIUM
29.10000000000004,87.19999999999959,0.3799,MEDIUM
29.10000000000004,87.29999999999959,0.4398,HIGH
29.10000000000004,87.34999999999958,0.3749,MEDIUM
29.10000000000004,87.39999999999958,0.4014,HIGH
29.10000000000004,87.44999999999958,0.4209,HIGH
29.10000000000004,87.49999999999957,0.3983,MEDIUM
29.10000000000004,87.54999999999957,0.4319,HIGH
29.10000000000004,87.59999999999957,0.4209,HIGH
29.10000000000004,87.64999999999957,0.4038,HIGH
29.10000000000004,87.69999999999956,0.4038,HIGH
29.10000000000004,87.74999999999956,0.3901,MEDIUM
29.10000000000004,87.84999999999955,0.3815,MEDIUM
29.10000000000004,87.89999999999955,0.3901,MEDIUM
29.10000000000004,87.99999999999955,0.3977,MEDIUM
29.10000000000004,88.04999999999954,0.3901,MEDIUM
29.10000000000004,88.14999999999954,0.4154,HIGH
29.10000000000004,88.19999999999953,0.3815,MEDIUM
29.15000000000004,80.0,0.8093,VERY HIGH
29.15000000000004,80.05,0.6383,HIGH
29.15000000000004,80.1,0.7586,VERY HIGH
29.15000000000004,80.14999999999999,0.7283,VERY HIGH
29.15000000000004,80.19999999999999,0.7743,VERY HIGH
29.15000000000004,80.24999999999999,0.6924,HIGH
29.15000000000004,80.34999999999998,0.6811,HIGH
29.15000000000004,80.39999999999998,0.7812,VERY HIGH
29.15000000000004,80.44999999999997,0.7303,VERY HIGH
29.15000000000004,80.49999999999997,0.7812,VERY HIGH
29.15000000000004,80.54999999999997,0.7843,VERY HIGH
29.15000000000004,80.59999999999997,0.7655,VERY HIGH
29.15000000000004,80.64999999999996,0.6821,HIGH
29.15000000000004,80.69999999999996,0.5894,HIGH
29.15000000000004,80.74999999999996,0.7981,VERY HIGH
29.15000000000004,80.79999999999995,0.8222,VERY HIGH
29.15000000000004,80.84999999999995,0.7932,VERY HIGH
29.15000000000004,80.89999999999995,0.7623,VERY HIGH
29.15000000000004,80.94999999999995,0.7623,VERY HIGH
29.15000000000004,80.99999999999994,0.7309,VERY HIGH
29.15000000000004,81.04999999999994,0.5259,HIGH
29.15000000000004,81.09999999999994,0.5847,HIGH
29.15000000000004,81.14999999999993,0.5284,HIGH
29.15000000000004,81.24999999999993,0.6815,HIGH
29.15000000000004,81.29999999999993,0.7486,VERY HIGH
29.15000000000004,81.34999999999992,0.7365,VERY HIGH
29.15000000000004,81.39999999999992,0.7549,VERY HIGH
29.15000000000004,81.44999999999992,0.7986,VERY HIGH
29.15000000000004,81.49999999999991,0.7262,VERY HIGH
29.15000000000004,81.54999999999991,0.3269,MEDIUM
29.15000000000004,81.59999999999991,0.2844,LOW
29.15000000000004,81.6499999999999,0.4206,HIGH
29.15000000000004,81.6999999999999,0.3176,MEDIUM
29.15000000000004,81.7499999999999,0.3305,MEDIUM
29.15000000000004,81.7999999999999,0.4084,HIGH
29.15000000000004,81.8499999999999,0.7648,VERY HIGH
29.15000000000004,81.89999999999989,0.449,HIGH
29.15000000000004,81.94999999999989,0.4609,HIGH
29.15000000000004,81.99999999999989,0.5055,HIGH
29.15000000000004,82.04999999999988,0.2558,LOW
29.15000000000004,82.09999999999988,0.5355,HIGH
29.15000000000004,82.14999999999988,0.3287,MEDIUM
29.15000000000004,82.19999999999987,0.524,HIGH
29.15000000000004,82.29999999999987,0.2554,LOW
29.15000000000004,82.34999999999987,0.7699,VERY HIGH
29.15000000000004,82.39999999999986,0.7092,VERY HIGH
29.15000000000004,82.44999999999986,0.2442,LOW
29.15000000000004,82.49999999999986,0.4473,HIGH
29.15000000000004,82.54999999999986,0.2262,LOW
29.15000000000004,82.59999999999985,0.2259,LOW
29.15000000000004,82.64999999999985,0.3823,MEDIUM
29.15000000000004,82.84999999999984,0.2151,LOW
29.15000000000004,82.89999999999984,0.1733,LOW
29.15000000000004,82.94999999999983,0.2732,LOW
29.15000000000004,83.14999999999982,0.3641,MEDIUM
29.15000000000004,83.89999999999978,0.3612,MEDIUM
29.15000000000004,84.09999999999977,0.3946,MEDIUM
29.15000000000004,84.39999999999975,0.4006,HIGH
29.15000000000004,84.54999999999974,0.4309,HIGH
29.15000000000004,84.69999999999973,0.4161,HIGH
29.15000000000004,84.89999999999972,0.4321,HIGH
29.15000000000004,84.94999999999972,0.4452,HIGH
29.15000000000004,85.04999999999971,0.4321,HIGH
29.15000000000004,85.09999999999971,0.4329,HIGH
29.15000000000004,85.14999999999971,0.4189,HIGH
29.15000000000004,85.1999999999997,0.4329,HIGH
29.15000000000004,85.3499999999997,0.4161,HIGH
29.15000000000004,85.3999999999997,0.445,HIGH
29.15000000000004,85.44999999999969,0.4051,HIGH
29.15000000000004,85.59999999999968,0.3869,MEDIUM
29.15000000000004,85.69999999999968,0.4023,HIGH
29.15000000000004,85.74999999999967,0.4309,HIGH
29.15000000000004,85.84999999999967,0.4152,HIGH
29.15000000000004,85.89999999999966,0.4161,HIGH
29.15000000000004,85.99999999999966,0.4635,HIGH
29.15000000000004,86.04999999999966,0.3846,MEDIUM
29.15000000000004,86.09999999999965,0.4177,HIGH
29.15000000000004,86.14999999999965,0.3783,MEDIUM
29.15000000000004,86.19999999999965,0.3869,MEDIUM
29.15000000000004,86.29999999999964,0.4189,HIGH
29.15000000000004,86.49999999999963,0.4023,HIGH
29.15000000000004,86.54999999999963,0.4067,HIGH
29.15000000000004,86.64999999999962,0.3681,MEDIUM
29.15000000000004,86.74999999999962,0.4251,HIGH
29.15000000000004,86.84999999999961,0.41,HIGH
29.15000000000004,86.89999999999961,0.4021,HIGH
29.15000000000004,86.9499999999996,0.3846,MEDIUM
29.15000000000004,86.9999999999996,0.391,MEDIUM
29.15000000000004,87.0499999999996,0.3749,MEDIUM
29.15000000000004,87.0999999999996,0.3947,MEDIUM
29.15000000000004,87.1499999999996,0.3776,MEDIUM
29.15000000000004,87.19999999999959,0.423,HIGH
29.15000000000004,87.24999999999959,0.2602,LOW
29.15000000000004,87.29999999999959,0.2229,LOW
29.15000000000004,87.34999999999958,0.4012,HIGH
29.15000000000004,87.39999999999958,0.4366,HIGH
29.15000000000004,87.44999999999958,0.407,HIGH
29.15000000000004,87.54999999999957,0.4366,HIGH
29.15000000000004,87.59999999999957,0.4226,HIGH
29.15000000000004,87.74999999999956,0.4038,HIGH
29.15000000000004,87.84999999999955,0.3664,MEDIUM
29.15000000000004,87.89999999999955,0.3664,MEDIUM
29.15000000000004,87.94999999999955,0.3901,MEDIUM
29.15000000000004,87.99999999999955,0.4528,HIGH
29.15000000000004,88.04999999999954,0.4018,HIGH
29.15000000000004,88.09999999999954,0.4038,HIGH
29.15000000000004,88.14999999999954,0.3884,MEDIUM
29.15000000000004,88.19999999999953,0.4018,HIGH
29.20000000000004,80.0,0.6842,HIGH
29.20000000000004,80.1,0.485,HIGH
29.20000000000004,80.14999999999999,0.7479,VERY HIGH
29.20000000000004,80.19999999999999,0.4066,HIGH
29.20000000000004,80.24999999999999,0.4769,HIGH
29.20000000000004,80.29999999999998,0.7275,VERY HIGH
29.20000000000004,80.34999999999998,0.7285,VERY HIGH
29.20000000000004,80.39999999999998,0.7285,VERY HIGH
29.20000000000004,80.44999999999997,0.8153,VERY HIGH
29.20000000000004,80.49999999999997,0.7843,VERY HIGH
29.20000000000004,80.54999999999997,0.7804,VERY HIGH
29.20000000000004,80.59999999999997,0.7924,VERY HIGH
29.20000000000004,80.64999999999996,0.6933,HIGH
29.20000000000004,80.69999999999996,0.7825,VERY HIGH
29.20000000000004,80.74999999999996,0.7905,VERY HIGH
29.20000000000004,80.79999999999995,0.7844,VERY HIGH
29.20000000000004,80.84999999999995,0.7512,VERY HIGH
29.20000000000004,80.94999999999995,0.6977,HIGH
29.20000000000004,80.99999999999994,0.4657,HIGH
29.20000000000004,81.04999999999994,0.5131,HIGH
29.20000000000004,81.09999999999994,0.5245,HIGH
29.20000000000004,81.19999999999993,0.4622,HIGH
29.20000000000004,81.29999999999993,0.7562,VERY HIGH
29.20000000000004,81.34999999999992,0.6406,HIGH
29.20000000000004,81.39999999999992,0.3103,MEDIUM
29.20000000000004,81.44999999999992,0.3404,MEDIUM
29.20000000000004,81.49999999999991,0.4959,HIGH
29.20000000000004,81.54999999999991,0.3574,MEDIUM
29.20000000000004,81.59999999999991,0.3017,MEDIUM
29.20000000000004,81.6499999999999,0.6153,HIGH
29.20000000000004,81.6999999999999,0.3152,MEDIUM
29.20000000000004,81.7499999999999,0.7436,VERY HIGH
29.20000000000004,81.7999999999999,0.2572,LOW
29.20000000000004,81.8499999999999,0.7358,VERY HIGH
29.20000000000004,81.89999999999989,0.2556,LOW
29.20000000000004,81.94999999999989,0.2461,LOW
29.20000000000004,81.99999999999989,0.4271,HIGH
29.20000000000004,82.04999999999988,0.3269,MEDIUM
29.20000000000004,82.09999999999988,0.7739,VERY HIGH
29.20000000000004,82.14999999999988,0.7336,VERY HIGH
29.20000000000004,82.19999999999987,0.7671,VERY HIGH
29.20000000000004,82.24999999999987,0.4055,HIGH
29.20000000000004,82.29999999999987,0.2854,LOW
29.20000000000004,82.34999999999987,0.31,MEDIUM
29.20000000000004,82.39999999999986,0.3747,MEDIUM
29.20000000000004,82.44999999999986,0.6826,HIGH
29.20000000000004,82.49999999999986,0.2119,LOW
29.20000000000004,82.64999999999985,0.2439,LOW
29.20000000000004,82.79999999999984,0.4326,HIGH
29.20000000000004,82.84999999999984,0.2604,LOW
29.20000000000004,82.99999999999983,0.3472,MEDIUM
29.20000000000004,83.04999999999983,0.379,MEDIUM
29.20000000000004,83.09999999999982,0.3873,MEDIUM
29.20000000000004,83.89999999999978,0.3424,MEDIUM
29.20000000000004,83.94999999999978,0.3715,MEDIUM
29.20000000000004,84.59999999999974,0.4189,HIGH
29.20000000000004,84.69999999999973,0.4189,HIGH
29.20000000000004,84.74999999999973,0.4006,HIGH
29.20000000000004,84.79999999999973,0.4309,HIGH
29.20000000000004,84.94999999999972,0.4532,HIGH
29.20000000000004,84.99999999999972,0.4181,HIGH
29.20000000000004,85.04999999999971,0.4321,HIGH
29.20000000000004,85.1999999999997,0.4292,HIGH
29.20000000000004,85.2999999999997,0.4292,HIGH
29.20000000000004,85.3499999999997,0.4023,HIGH
29.20000000000004,85.3999999999997,0.3869,MEDIUM
29.20000000000004,85.44999999999969,0.4309,HIGH
29.20000000000004,85.49999999999969,0.4309,HIGH
29.20000000000004,85.54999999999968,0.4023,HIGH
29.20000000000004,85.64999999999968,0.3409,MEDIUM
29.20000000000004,85.74999999999967,0.4051,HIGH
29.20000000000004,85.94999999999966,0.4148,HIGH
29.20000000000004,86.04999999999966,0.3846,MEDIUM
29.20000000000004,86.24999999999964,0.4371,HIGH
29.20000000000004,86.34999999999964,0.3801,MEDIUM
29.20000000000004,86.39999999999964,0.4309,HIGH
29.20000000000004,86.44999999999963,0.4206,HIGH
29.20000000000004,86.49999999999963,0.398,MEDIUM
29.20000000000004,86.64999999999962,0.4206,HIGH
29.20000000000004,86.69999999999962,0.4157,HIGH
29.20000000000004,86.9499999999996,0.4119,HIGH
29.20000000000004,87.0499999999996,0.3835,MEDIUM
29.20000000000004,87.0999999999996,0.3732,MEDIUM
29.20000000000004,87.1499999999996,0.3749,MEDIUM
29.20000000000004,87.19999999999959,0.4096,HIGH
29.20000000000004,87.24999999999959,0.4,HIGH
29.20000000000004,87.29999999999959,0.407,HIGH
29.20000000000004,87.34999999999958,0.4189,HIGH
29.20000000000004,87.49999999999957,0.407,HIGH
29.20000000000004,87.54999999999957,0.4226,HIGH
29.20000000000004,87.59999999999957,0.4226,HIGH
29.20000000000004,87.64999999999957,0.4079,HIGH
29.20000000000004,87.69999999999956,0.3749,MEDIUM
29.20000000000004,87.79999999999956,0.4038,HIGH
29.20000000000004,87.89999999999955,0.3901,MEDIUM
29.20000000000004,87.94999999999955,0.3865,MEDIUM
29.20000000000004,87.99999999999955,0.4115,HIGH
29.20000000000004,88.04999999999954,0.3749,MEDIUM
29.20000000000004,88.09999999999954,0.4018,HIGH
29.20000000000004,88.14999999999954,0.3901,MEDIUM
29.250000000000043,80.0,0.7752,VERY HIGH
29.250000000000043,80.05,0.7616,VERY HIGH
29.250000000000043,80.1,0.7893,VERY HIGH
29.250000000000043,80.14999999999999,0.7853,VERY HIGH
29.250000000000043,80.19999999999999,0.7893,VERY HIGH
29.250000000000043,80.24999999999999,0.7805,VERY HIGH
29.250000000000043,80.29999999999998,0.6594,HIGH
29.250000000000043,80.34999999999998,0.8292,VERY HIGH
29.250000000000043,80.39999999999998,0.8151,VERY HIGH
29.250000000000043,80.44999999999997,0.7623,VERY HIGH
29.250000000000043,80.49999999999997,0.7423,VERY HIGH
29.250000000000043,80.54999999999997,0.7843,VERY HIGH
29.250000000000043,80.59999999999997,0.7713,VERY HIGH
29.250000000000043,80.64999999999996,0.675,HIGH
29.250000000000043,80.69999999999996,0.6924,HIGH
29.250000000000043,80.74999999999996,0.7485,VERY HIGH
29.250000000000043,80.84999999999995,0.5768,HIGH
29.250000000000043,80.89999999999995,0.4861,HIGH
29.250000000000043,80.99999999999994,0.6381,HIGH
29.250000000000043,81.04999999999994,0.6699,HIGH
29.250000000000043,81.09999999999994,0.7274,VERY HIGH
29.250000000000043,81.14999999999993,0.526,HIGH
29.250000000000043,81.19999999999993,0.6949,HIGH
29.250000000000043,81.24999999999993,0.5379,HIGH
29.250000000000043,81.29999999999993,0.778,VERY HIGH
29.250000000000043,81.34999999999992,0.7559,VERY HIGH
29.250000000000043,81.39999999999992,0.7182,VERY HIGH
29.250000000000043,81.44999999999992,0.3852,MEDIUM
29.250000000000043,81.49999999999991,0.4498,HIGH
29.250000000000043,81.54999999999991,0.5883,HIGH
29.250000000000043,81.59999999999991,0.4737,HIGH
29.250000000000043,81.6499999999999,0.2729,LOW
29.250000000000043,81.6999999999999,0.5753,HIGH
29.250000000000043,81.7499999999999,0.7668,VERY HIGH
29.250000000000043,81.7999999999999,0.5748,HIGH
29.250000000000043,81.8499999999999,0.6967,HIGH
29.250000000000043,81.89999999999989,0.5835,HIGH
29.250000000000043,81.94999999999989,0.2625,LOW
29.250000000000043,81.99999999999989,0.3587,MEDIUM
29.250000000000043,82.04999999999988,0.2101,LOW
29.250000000000043,82.09999999999988,0.235,LOW
29.250000000000043,82.14999999999988,0.3998,MEDIUM
29.250000000000043,82.19999999999987,0.4372,HIGH
29.250000000000043,82.24999999999987,0.2184,LOW
29.250000000000043,82.29999999999987,0.3726,MEDIUM
29.250000000000043,82.34999999999987,0.2323,LOW
29.250000000000043,82.39999999999986,0.7369,VERY HIGH
29.250000000000043,82.44999999999986,0.2056,LOW
29.250000000000043,82.64999999999985,0.1919,LOW
29.250000000000043,82.99999999999983,0.354,MEDIUM
29.250000000000043,83.24999999999982,0.4117,HIGH
29.250000000000043,83.89999999999978,0.358,MEDIUM
29.250000000000043,83.94999999999978,0.3849,MEDIUM
29.250000000000043,83.99999999999977,0.4424,HIGH
29.250000000000043,84.09999999999977,0.4292,HIGH
29.250000000000043,84.14999999999976,0.4292,HIGH
29.250000000000043,84.24999999999976,0.4161,HIGH
29.250000000000043,84.34999999999975,0.4006,HIGH
29.250000000000043,84.44999999999975,0.4006,HIGH
29.250000000000043,84.54999999999974,0.4161,HIGH
29.250000000000043,84.64999999999974,0.445,HIGH
29.250000000000043,84.89999999999972,0.4023,HIGH
29.250000000000043,84.94999999999972,0.4674,HIGH
29.250000000000043,85.04999999999971,0.4321,HIGH
29.250000000000043,85.09999999999971,0.4006,HIGH
29.250000000000043,85.14999999999971,0.4023,HIGH
29.250000000000043,85.1999999999997,0.4354,HIGH
29.250000000000043,85.2999999999997,0.4189,HIGH
29.250000000000043,85.3499999999997,0.417,HIGH
29.250000000000043,85.3999999999997,0.4023,HIGH
29.250000000000043,85.54999999999968,0.445,HIGH
29.250000000000043,85.59999999999968,0.2444,LOW
29.250000000000043,85.64999999999968,0.3555,MEDIUM
29.250000000000043,85.74999999999967,0.4023,HIGH
29.250000000000043,85.79999999999967,0.3887,MEDIUM
29.250000000000043,85.94999999999966,0.4424,HIGH
29.250000000000043,85.99999999999966,0.4056,HIGH
29.250000000000043,86.04999999999966,0.3346,MEDIUM
29.250000000000043,86.14999999999965,0.4653,HIGH
29.250000000000043,86.39999999999964,0.4238,HIGH
29.250000000000043,86.44999999999963,0.4118,HIGH
29.250000000000043,86.49999999999963,0.3749,MEDIUM
29.250000000000043,86.59999999999962,0.3815,MEDIUM
29.250000000000043,86.74999999999962,0.3664,MEDIUM
29.250000000000043,86.79999999999961,0.4079,HIGH
29.250000000000043,86.84999999999961,0.4058,HIGH
29.250000000000043,86.89999999999961,0.397,MEDIUM
29.250000000000043,87.0499999999996,0.4134,HIGH
29.250000000000043,87.0999999999996,0.4226,HIGH
29.250000000000043,87.1499999999996,0.4088,HIGH
29.250000000000043,87.19999999999959,0.4346,HIGH
29.250000000000043,87.24999999999959,0.4088,HIGH
29.250000000000043,87.29999999999959,0.3983,MEDIUM
29.250000000000043,87.34999999999958,0.407,HIGH
29.250000000000043,87.39999999999958,0.3835,MEDIUM
29.250000000000043,87.44999999999958,0.4189,HIGH
29.250000000000043,87.49999999999957,0.4226,HIGH
29.250000000000043,87.59999999999957,0.36,MEDIUM
29.250000000000043,87.69999999999956,0.3901,MEDIUM
29.250000000000043,87.74999999999956,0.4079,HIGH
29.250000000000043,87.84999999999955,0.3815,MEDIUM
29.250000000000043,87.89999999999955,0.3439,MEDIUM
29.250000000000043,87.94999999999955,0.4199,HIGH
29.250000000000043,88.04999999999954,0.4134,HIGH
29.250000000000043,88.09999999999954,0.4274,HIGH
29.250000000000043,88.14999999999954,0.4274,HIGH
29.300000000000043,80.0,0.8103,VERY HIGH
29.300000000000043,80.05,0.6724,HIGH
29.300000000000043,80.1,0.6871,HIGH
29.300000000000043,80.14999999999999,0.7752,VERY HIGH
29.300000000000043,80.19999999999999,0.5105,HIGH
29.300000000000043,80.24999999999999,0.6489,HIGH
29.300000000000043,80.29999999999998,0.7922,VERY HIGH
29.300000000000043,80.34999999999998,0.7353,VERY HIGH
29.300000000000043,80.44999999999997,0.7496,VERY HIGH
29.300000000000043,80.49999999999997,0.6881,HIGH
29.300000000000043,80.54999999999997,0.6799,HIGH
29.300000000000043,80.59999999999997,0.7801,VERY HIGH
29.300000000000043,80.64999999999996,0.358,MEDIUM
29.300000000000043,80.74999999999996,0.6803,HIGH
29.300000000000043,80.84999999999995,0.6506,HIGH
29.300000000000043,80.89999999999995,0.3314,MEDIUM
29.300000000000043,80.94999999999995,0.5358,HIGH
29.300000000000043,80.99999999999994,0.6959,HIGH
29.300000000000043,81.04999999999994,0.6432,HIGH
29.300000000000043,81.09999999999994,0.7614,VERY HIGH
29.300000000000043,81.14999999999993,0.7719,VERY HIGH
29.300000000000043,81.19999999999993,0.5824,HIGH
29.300000000000043,81.24999999999993,0.3223,MEDIUM
29.300000000000043,81.29999999999993,0.4292,HIGH
29.300000000000043,81.34999999999992,0.257,LOW
29.300000000000043,81.39999999999992,0.7483,VERY HIGH
29.300000000000043,81.44999999999992,0.7406,VERY HIGH
29.300000000000043,81.49999999999991,0.3853,MEDIUM
29.300000000000043,81.54999999999991,0.256,LOW
29.300000000000043,81.59999999999991,0.7643,VERY HIGH
29.300000000000043,81.6499999999999,0.76,VERY HIGH
29.300000000000043,81.6999999999999,0.3967,MEDIUM
29.300000000000043,81.7999999999999,0.4473,HIGH
29.300000000000043,81.8499999999999,0.7493,VERY HIGH
29.300000000000043,81.89999999999989,0.7581,VERY HIGH
29.300000000000043,81.94999999999989,0.2422,LOW
29.300000000000043,81.99999999999989,0.5521,HIGH
29.300000000000043,82.04999999999988,0.2293,LOW
29.300000000000043,82.09999999999988,0.5767,HIGH
29.300000000000043,82.14999999999988,0.2537,LOW
29.300000000000043,82.19999999999987,0.4325,HIGH
29.300000000000043,82.24999999999987,0.4675,HIGH
29.300000000000043,82.29999999999987,0.205,LOW
29.300000000000043,82.39999999999986,0.3092,MEDIUM
29.300000000000043,82.44999999999986,0.1755,LOW
29.300000000000043,82.64999999999985,0.2564,LOW
29.300000000000043,82.89999999999984,0.4262,HIGH
29.300000000000043,83.04999999999983,0.3722,MEDIUM
29.300000000000043,83.24999999999982,0.3722,MEDIUM
29.300000000000043,83.94999999999978,0.389,MEDIUM
29.300000000000043,83.99999999999977,0.3935,MEDIUM
29.300000000000043,84.04999999999977,0.445,HIGH
29.300000000000043,84.29999999999976,0.445,HIGH
29.300000000000043,84.39999999999975,0.445,HIGH
29.300000000000043,84.44999999999975,0.3897,MEDIUM
29.300000000000043,84.49999999999974,0.4161,HIGH
29.300000000000043,84.54999999999974,0.4189,HIGH
29.300000000000043,84.59999999999974,0.424,HIGH
29.300000000000043,84.64999999999974,0.4189,HIGH
29.300000000000043,84.74999999999973,0.4161,HIGH
29.300000000000043,84.84999999999972,0.4373,HIGH
29.300000000000043,84.99999999999972,0.4442,HIGH
29.300000000000043,85.04999999999971,0.3869,MEDIUM
29.300000000000043,85.14999999999971,0.445,HIGH
29.300000000000043,85.1999999999997,0.4309,HIGH
29.300000000000043,85.2499999999997,0.3869,MEDIUM
29.300000000000043,85.3999999999997,0.3798,MEDIUM
29.300000000000043,85.44999999999969,0.445,HIGH
29.300000000000043,85.49999999999969,0.4266,HIGH
29.300000000000043,85.54999999999968,0.4496,HIGH
29.300000000000043,85.59999999999968,0.422,HIGH
29.300000000000043,85.64999999999968,0.4023,HIGH
29.300000000000043,85.69999999999968,0.4189,HIGH
29.300000000000043,85.74999999999967,0.4396,HIGH
29.300000000000043,85.79999999999967,0.4023,HIGH
29.300000000000043,85.84999999999967,0.3932,MEDIUM
29.300000000000043,85.89999999999966,0.4284,HIGH
29.300000000000043,85.94999999999966,0.3977,MEDIUM
29.300000000000043,85.99999999999966,0.3841,MEDIUM
29.300000000000043,86.04999999999966,0.3977,MEDIUM
29.300000000000043,86.19999999999965,0.3982,MEDIUM
29.300000000000043,86.24999999999964,0.4067,HIGH
29.300000000000043,86.34999999999964,0.4081,HIGH
29.300000000000043,86.39999999999964,0.405,HIGH
29.300000000000043,86.44999999999963,0.405,HIGH
29.300000000000043,86.54999999999963,0.413,HIGH
29.300000000000043,86.64999999999962,0.357,MEDIUM
29.300000000000043,86.74999999999962,0.3884,MEDIUM
29.300000000000043,86.79999999999961,0.4038,HIGH
29.300000000000043,86.89999999999961,0.3903,MEDIUM
29.300000000000043,86.9499999999996,0.2369,LOW
29.300000000000043,86.9999999999996,0.3997,MEDIUM
29.300000000000043,87.0499999999996,0.4304,HIGH
29.300000000000043,87.0999999999996,0.407,HIGH
29.300000000000043,87.24999999999959,0.4162,HIGH
29.300000000000043,87.29999999999959,0.3732,MEDIUM
29.300000000000043,87.39999999999958,0.4088,HIGH
29.300000000000043,87.44999999999958,0.3749,MEDIUM
29.300000000000043,87.49999999999957,0.3925,MEDIUM
29.300000000000043,87.54999999999957,0.3732,MEDIUM
29.300000000000043,87.59999999999957,0.4088,HIGH
29.300000000000043,87.64999999999957,0.3672,MEDIUM
29.300000000000043,87.69999999999956,0.3627,MEDIUM
29.300000000000043,87.74999999999956,0.4038,HIGH
29.300000000000043,87.79999999999956,0.3815,MEDIUM
29.300000000000043,87.84999999999955,0.3462,MEDIUM
29.300000000000043,87.89999999999955,0.3994,MEDIUM
29.300000000000043,87.94999999999955,0.3462,MEDIUM
29.300000000000043,88.04999999999954,0.3892,MEDIUM
29.300000000000043,88.19999999999953,0.4134,HIGH
29.350000000000044,80.0,0.7893,VERY HIGH
29.350000000000044,80.05,0.7893,VERY HIGH
29.350000000000044,80.1,0.7883,VERY HIGH
29.350000000000044,80.14999999999999,0.7186,VERY HIGH
29.350000000000044,80.19999999999999,0.5143,HIGH
29.350000000000044,80.24999999999999,0.683,HIGH
29.350000000000044,80.29999999999998,0.5785,HIGH
29.350000000000044,80.34999999999998,0.6832,HIGH
29.350000000000044,80.39999999999998,0.6672,HIGH
29.350000000000044,80.44999999999997,0.3428,MEDIUM
29.350000000000044,80.49999999999997,0.4882,HIGH
29.350000000000044,80.64999999999996,0.5071,HIGH
29.350000000000044,80.69999999999996,0.5352,HIGH
29.350000000000044,80.74999999999996,0.6907,HIGH
29.350000000000044,80.79999999999995,0.7993,VERY HIGH
29.350000000000044,80.84999999999995,0.6034,HIGH
29.350000000000044,80.89999999999995,0.651,HIGH
29.350000000000044,80.94999999999995,0.5279,HIGH
29.350000000000044,80.99999999999994,0.4684,HIGH
29.350000000000044,81.04999999999994,0.7673,VERY HIGH
29.350000000000044,81.09999999999994,0.7596,VERY HIGH
29.350000000000044,81.14999999999993,0.7911,VERY HIGH
29.350000000000044,81.19999999999993,0.7504,VERY HIGH
29.350000000000044,81.24999999999993,0.3127,MEDIUM
29.350000000000044,81.29999999999993,0.7406,VERY HIGH
29.350000000000044,81.34999999999992,0.4364,HIGH
29.350000000000044,81.39999999999992,0.7536,VERY HIGH
29.350000000000044,81.44999999999992,0.2863,LOW
29.350000000000044,81.49999999999991,0.4563,HIGH
29.350000000000044,81.54999999999991,0.4571,HIGH
29.350000000000044,81.59999999999991,0.6581,HIGH
29.350000000000044,81.6499999999999,0.231,LOW
29.350000000000044,81.6999999999999,0.4204,HIGH
29.350000000000044,81.7499999999999,0.2446,LOW
29.350000000000044,81.7999999999999,0.2714,LOW
29.350000000000044,81.8499999999999,0.4453,HIGH
29.350000000000044,81.89999999999989,0.7451,VERY HIGH
29.350000000000044,81.94999999999989,0.596,HIGH
29.350000000000044,81.99999999999989,0.2595,LOW
29.350000000000044,82.04999999999988,0.594,HIGH
29.350000000000044,82.09999999999988,0.6509,HIGH
29.350000000000044,82.14999999999988,0.21,LOW
29.350000000000044,82.19999999999987,0.2292,LOW
29.350000000000044,82.24999999999987,0.2373,LOW
29.350000000000044,82.29999999999987,0.7306,VERY HIGH
29.350000000000044,82.34999999999987,0.2211,LOW
29.350000000000044,82.39999999999986,0.2161,LOW
29.350000000000044,82.44999999999986,0.1675,LOW
29.350000000000044,82.54999999999986,0.2777,LOW
29.350000000000044,82.99999999999983,0.404,HIGH
29.350000000000044,83.14999999999982,0.4301,HIGH
29.350000000000044,83.94999999999978,0.2226,LOW
29.350000000000044,84.04999999999977,0.4161,HIGH
29.350000000000044,84.09999999999977,0.445,HIGH
29.350000000000044,84.24999999999976,0.4512,HIGH
29.350000000000044,84.29999999999976,0.4033,HIGH
29.350000000000044,84.44999999999975,0.4103,HIGH
29.350000000000044,84.69999999999973,0.4152,HIGH
29.350000000000044,84.74999999999973,0.4679,HIGH
29.350000000000044,84.79999999999973,0.436,HIGH
29.350000000000044,84.84999999999972,0.4023,HIGH
29.350000000000044,84.89999999999972,0.3869,MEDIUM
29.350000000000044,84.94999999999972,0.4309,HIGH
29.350000000000044,85.09999999999971,0.4033,HIGH
29.350000000000044,85.1999999999997,0.4023,HIGH
29.350000000000044,85.2499999999997,0.4213,HIGH
29.350000000000044,85.2999999999997,0.4189,HIGH
29.350000000000044,85.3499999999997,0.4033,HIGH
29.350000000000044,85.3999999999997,0.3648,MEDIUM
29.350000000000044,85.49999999999969,0.3346,MEDIUM
29.350000000000044,85.54999999999968,0.4419,HIGH
29.350000000000044,85.59999999999968,0.378,MEDIUM
29.350000000000044,85.64999999999968,0.407,HIGH
29.350000000000044,85.89999999999966,0.396,MEDIUM
29.350000000000044,85.94999999999966,0.4115,HIGH
29.350000000000044,85.99999999999966,0.4115,HIGH
29.350000000000044,86.04999999999966,0.4442,HIGH
29.350000000000044,86.09999999999965,0.4144,HIGH
29.350000000000044,86.19999999999965,0.3977,MEDIUM
29.350000000000044,86.29999999999964,0.4238,HIGH
29.350000000000044,86.49999999999963,0.361,MEDIUM
29.350000000000044,86.54999999999963,0.3617,MEDIUM
29.350000000000044,86.59999999999962,0.3901,MEDIUM
29.350000000000044,86.64999999999962,0.3439,MEDIUM
29.350000000000044,86.69999999999962,0.3544,MEDIUM
29.350000000000044,86.74999999999962,0.3544,MEDIUM
29.350000000000044,86.79999999999961,0.2145,LOW
29.350000000000044,86.84999999999961,0.3487,MEDIUM
29.350000000000044,86.89999999999961,0.4039,HIGH
29.350000000000044,86.9499999999996,0.2304,LOW
29.350000000000044,86.9999999999996,0.338,MEDIUM
29.350000000000044,87.0999999999996,0.407,HIGH
29.350000000000044,87.1499999999996,0.4226,HIGH
29.350000000000044,87.19999999999959,0.3835,MEDIUM
29.350000000000044,87.24999999999959,0.3865,MEDIUM
29.350000000000044,87.29999999999959,0.4251,HIGH
29.350000000000044,87.34999999999958,0.407,HIGH
29.350000000000044,87.39999999999958,0.4434,HIGH
29.350000000000044,87.44999999999958,0.3983,MEDIUM
29.350000000000044,87.49999999999957,0.4,HIGH
29.350000000000044,87.54999999999957,0.3835,MEDIUM
29.350000000000044,87.59999999999957,0.4021,HIGH
29.350000000000044,87.64999999999957,0.4196,HIGH
29.350000000000044,87.74999999999956,0.3921,MEDIUM
29.350000000000044,87.94999999999955,0.338,MEDIUM
29.350000000000044,88.09999999999954,0.4134,HIGH
29.400000000000045,80.0,0.4306,HIGH
29.400000000000045,80.1,0.515,HIGH
29.400000000000045,80.14999999999999,0.3324,MEDIUM
29.400000000000045,80.19999999999999,0.5292,HIGH
29.400000000000045,80.24999999999999,0.704,VERY HIGH
29.400000000000045,80.29999999999998,0.3446,MEDIUM
29.400000000000045,80.34999999999998,0.5841,HIGH
29.400000000000045,80.39999999999998,0.5554,HIGH
29.400000000000045,80.44999999999997,0.8002,VERY HIGH
29.400000000000045,80.49999999999997,0.6919,HIGH
29.400000000000045,80.54999999999997,0.7843,VERY HIGH
29.400000000000045,80.59999999999997,0.7998,VERY HIGH
29.400000000000045,80.64999999999996,0.7147,VERY HIGH
29.400000000000045,80.69999999999996,0.7229,VERY HIGH
29.400000000000045,80.74999999999996,0.3998,MEDIUM
29.400000000000045,80.79999999999995,0.6484,HIGH
29.400000000000045,80.84999999999995,0.739,VERY HIGH
29.400000000000045,80.89999999999995,0.7845,VERY HIGH
29.400000000000045,80.94999999999995,0.4282,HIGH
29.400000000000045,80.99999999999994,0.4848,HIGH
29.400000000000045,81.04999999999994,0.6663,HIGH
29.400000000000045,81.09999999999994,0.7303,VERY HIGH
29.400000000000045,81.14999999999993,0.8158,VERY HIGH
29.400000000000045,81.19999999999993,0.4893,HIGH
29.400000000000045,81.24999999999993,0.2867,LOW
29.400000000000045,81.29999999999993,0.4078,HIGH
29.400000000000045,81.34999999999992,0.3913,MEDIUM
29.400000000000045,81.39999999999992,0.3908,MEDIUM
29.400000000000045,81.44999999999992,0.7406,VERY HIGH
29.400000000000045,81.49999999999991,0.7158,VERY HIGH
29.400000000000045,81.54999999999991,0.396,MEDIUM
29.400000000000045,81.59999999999991,0.728,VERY HIGH
29.400000000000045,81.6499999999999,0.7343,VERY HIGH
29.400000000000045,81.6999999999999,0.4223,HIGH
29.400000000000045,81.7499999999999,0.4346,HIGH
29.400000000000045,81.7999999999999,0.7509,VERY HIGH
29.400000000000045,81.8499999999999,0.7451,VERY HIGH
29.400000000000045,81.89999999999989,0.4808,HIGH
29.400000000000045,81.94999999999989,0.752,VERY HIGH
29.400000000000045,82.04999999999988,0.2461,LOW
29.400000000000045,82.09999999999988,0.5421,HIGH
29.400000000000045,82.14999999999988,0.3636,MEDIUM
29.400000000000045,82.19999999999987,0.3092,MEDIUM
29.400000000000045,82.24999999999987,0.5908,HIGH
29.400000000000045,82.29999999999987,0.5625,HIGH
29.400000000000045,82.34999999999987,0.2164,LOW
29.400000000000045,82.84999999999984,0.3913,MEDIUM
29.400000000000045,82.89999999999984,0.4542,HIGH
29.400000000000045,82.94999999999983,0.4354,HIGH
29.400000000000045,83.04999999999983,0.3656,MEDIUM
29.400000000000045,83.19999999999982,0.3798,MEDIUM
29.400000000000045,83.24999999999982,0.3867,MEDIUM
29.400000000000045,83.29999999999981,0.3752,MEDIUM
29.400000000000045,83.34999999999981,0.4036,HIGH
29.400000000000045,83.4999999999998,0.3945,MEDIUM
29.400000000000045,83.94999999999978,0.3433,MEDIUM
29.400000000000045,84.09999999999977,0.4006,HIGH
29.400000000000045,84.19999999999976,0.4172,HIGH
29.400000000000045,84.24999999999976,0.4292,HIGH
29.400000000000045,84.29999999999976,0.4086,HIGH
29.400000000000045,84.39999999999975,0.3944,MEDIUM
29.400000000000045,84.44999999999975,0.4126,HIGH
29.400000000000045,84.74999999999973,0.3671,MEDIUM
29.400000000000045,84.99999999999972,0.4181,HIGH
29.400000000000045,85.04999999999971,0.4309,HIGH
29.400000000000045,85.09999999999971,0.4329,HIGH
29.400000000000045,85.2499999999997,0.417,HIGH
29.400000000000045,85.2999999999997,0.4213,HIGH
29.400000000000045,85.3499999999997,0.4161,HIGH
29.400000000000045,85.54999999999968,0.378,MEDIUM
29.400000000000045,85.59999999999968,0.378,MEDIUM
29.400000000000045,85.84999999999967,0.407,HIGH
29.400000000000045,85.89999999999966,0.3824,MEDIUM
29.400000000000045,86.04999999999966,0.4115,HIGH
29.400000000000045,86.09999999999965,0.396,MEDIUM
29.400000000000045,86.14999999999965,0.3824,MEDIUM
29.400000000000045,86.19999999999965,0.3913,MEDIUM
29.400000000000045,86.24999999999964,0.3931,MEDIUM
29.400000000000045,86.34999999999964,0.3865,MEDIUM
29.400000000000045,86.44999999999963,0.3705,MEDIUM
29.400000000000045,86.49999999999963,0.357,MEDIUM
29.400000000000045,86.54999999999963,0.3693,MEDIUM
29.400000000000045,86.59999999999962,0.3693,MEDIUM
29.400000000000045,86.64999999999962,0.3521,MEDIUM
29.400000000000045,86.69999999999962,0.3521,MEDIUM
29.400000000000045,86.74999999999962,0.3487,MEDIUM
29.400000000000045,86.79999999999961,0.3693,MEDIUM
29.400000000000045,86.84999999999961,0.3521,MEDIUM
29.400000000000045,86.89999999999961,0.3482,MEDIUM
29.400000000000045,86.9499999999996,0.3318,MEDIUM
29.400000000000045,86.9999999999996,0.391,MEDIUM
29.400000000000045,87.0499999999996,0.3997,MEDIUM
29.400000000000045,87.0999999999996,0.4046,HIGH
29.400000000000045,87.1499999999996,0.4226,HIGH
29.400000000000045,87.19999999999959,0.4121,HIGH
29.400000000000045,87.24999999999959,0.3681,MEDIUM
29.400000000000045,87.39999999999958,0.4138,HIGH
29.400000000000045,87.44999999999958,0.4138,HIGH
29.400000000000045,87.59999999999957,0.4021,HIGH
29.400000000000045,87.64999999999957,0.3441,MEDIUM
29.400000000000045,87.69999999999956,0.3441,MEDIUM
29.400000000000045,87.74999999999956,0.3553,MEDIUM
29.400000000000045,87.79999999999956,0.3952,MEDIUM
29.400000000000045,87.84999999999955,0.3588,MEDIUM
29.400000000000045,87.89999999999955,0.377,MEDIUM
29.400000000000045,87.99999999999955,0.4046,HIGH
29.400000000000045,88.04999999999954,0.3997,MEDIUM
29.400000000000045,88.09999999999954,0.3318,MEDIUM
29.400000000000045,88.14999999999954,0.4134,HIGH
29.400000000000045,88.19999999999953,0.3997,MEDIUM
29.450000000000045,80.0,0.4896,HIGH
29.450000000000045,80.05,0.6827,HIGH
29.450000000000045,80.1,0.46,HIGH
29.450000000000045,80.14999999999999,0.6787,HIGH
29.450000000000045,80.19999999999999,0.776,VERY HIGH
29.450000000000045,80.24999999999999,0.696,HIGH
29.450000000000045,80.29999999999998,0.4739,HIGH
29.450000000000045,80.34999999999998,0.6696,HIGH
29.450000000000045,80.39999999999998,0.519,HIGH
29.450000000000045,80.44999999999997,0.4629,HIGH
29.450000000000045,80.49999999999997,0.706,VERY HIGH
29.450000000000045,80.59999999999997,0.5341,HIGH
29.450000000000045,80.64999999999996,0.5038,HIGH
29.450000000000045,80.69999999999996,0.3477,MEDIUM
29.450000000000045,80.74999999999996,0.7043,VERY HIGH
29.450000000000045,80.79999999999995,0.7257,VERY HIGH
29.450000000000045,80.84999999999995,0.649,HIGH
29.450000000000045,80.89999999999995,0.3304,MEDIUM
29.450000000000045,80.94999999999995,0.3062,MEDIUM
29.450000000000045,80.99999999999994,0.5515,HIGH
29.450000000000045,81.04999999999994,0.6399,HIGH
29.450000000000045,81.09999999999994,0.7687,VERY HIGH
29.450000000000045,81.14999999999993,0.7681,VERY HIGH
29.450000000000045,81.19999999999993,0.4319,HIGH
29.450000000000045,81.24999999999993,0.4591,HIGH
29.450000000000045,81.29999999999993,0.7991,VERY HIGH
29.450000000000045,81.34999999999992,0.7186,VERY HIGH
29.450000000000045,81.39999999999992,0.2793,LOW
29.450000000000045,81.44999999999992,0.2744,LOW
29.450000000000045,81.49999999999991,0.6298,HIGH
29.450000000000045,81.54999999999991,0.7259,VERY HIGH
29.450000000000045,81.59999999999991,0.2737,LOW
29.450000000000045,81.6499999999999,0.4937,HIGH
29.450000000000045,81.6999999999999,0.2435,LOW
29.450000000000045,81.7499999999999,0.2903,LOW
29.450000000000045,81.7999999999999,0.7311,VERY HIGH
29.450000000000045,81.8499999999999,0.7412,VERY HIGH
29.450000000000045,81.89999999999989,0.2926,LOW
29.450000000000045,81.94999999999989,0.7902,VERY HIGH
29.450000000000045,81.99999999999989,0.2585,LOW
29.450000000000045,82.04999999999988,0.3794,MEDIUM
29.450000000000045,82.09999999999988,0.377,MEDIUM
29.450000000000045,82.14999999999988,0.3514,MEDIUM
29.450000000000045,82.19999999999987,0.5692,HIGH
29.450000000000045,82.24999999999987,0.2541,LOW
29.450000000000045,82.34999999999987,0.2055,LOW
29.450000000000045,82.79999999999984,0.3692,MEDIUM
29.450000000000045,82.84999999999984,0.4743,HIGH
29.450000000000045,82.94999999999983,0.4166,HIGH
29.450000000000045,83.04999999999983,0.3936,MEDIUM
29.450000000000045,83.09999999999982,0.4124,HIGH
29.450000000000045,83.14999999999982,0.421,HIGH
29.450000000000045,83.19999999999982,0.3615,MEDIUM
29.450000000000045,83.24999999999982,0.3641,MEDIUM
29.450000000000045,83.29999999999981,0.4,MEDIUM
29.450000000000045,83.4999999999998,0.3782,MEDIUM
29.450000000000045,83.94999999999978,0.3649,MEDIUM
29.450000000000045,84.04999999999977,0.445,HIGH
29.450000000000045,84.09999999999977,0.4371,HIGH
29.450000000000045,84.14999999999976,0.4309,HIGH
29.450000000000045,84.19999999999976,0.4354,HIGH
29.450000000000045,84.24999999999976,0.3919,MEDIUM
29.450000000000045,84.29999999999976,0.4386,HIGH
29.450000000000045,84.34999999999975,0.4038,HIGH
29.450000000000045,84.39999999999975,0.4089,HIGH
29.450000000000045,84.44999999999975,0.4379,HIGH
29.450000000000045,84.49999999999974,0.4276,HIGH
29.450000000000045,84.54999999999974,0.4194,HIGH
29.450000000000045,84.89999999999972,0.405,HIGH
29.450000000000045,84.99999999999972,0.3996,MEDIUM
29.450000000000045,85.14999999999971,0.3869,MEDIUM
29.450000000000045,85.1999999999997,0.4215,HIGH
29.450000000000045,85.2499999999997,0.4033,HIGH
29.450000000000045,85.2999999999997,0.4189,HIGH
29.450000000000045,85.49999999999969,0.3932,MEDIUM
29.450000000000045,85.54999999999968,0.4097,HIGH
29.450000000000045,85.59999999999968,0.3932,MEDIUM
29.450000000000045,85.69999999999968,0.378,MEDIUM
29.450000000000045,85.79999999999967,0.4097,HIGH
29.450000000000045,85.84999999999967,0.3977,MEDIUM
29.450000000000045,85.89999999999966,0.3824,MEDIUM
29.450000000000045,85.94999999999966,0.4144,HIGH
29.450000000000045,86.04999999999966,0.3841,MEDIUM
29.450000000000045,86.09999999999965,0.3977,MEDIUM
29.450000000000045,86.14999999999965,0.3824,MEDIUM
29.450000000000045,86.24999999999964,0.4248,HIGH
29.450000000000045,86.29999999999964,0.3827,MEDIUM
29.450000000000045,86.34999999999964,0.3819,MEDIUM
29.450000000000045,86.44999999999963,0.3702,MEDIUM
29.450000000000045,86.49999999999963,0.3611,MEDIUM
29.450000000000045,86.54999999999963,0.4012,HIGH
29.450000000000045,86.59999999999962,0.3994,MEDIUM
29.450000000000045,86.64999999999962,0.4125,HIGH
29.450000000000045,86.69999999999962,0.366,MEDIUM
29.450000000000045,86.74999999999962,0.2611,LOW
29.450000000000045,86.79999999999961,0.3641,MEDIUM
29.450000000000045,86.89999999999961,0.3548,MEDIUM
29.450000000000045,86.9499999999996,0.3548,MEDIUM
29.450000000000045,86.9999999999996,0.3615,MEDIUM
29.450000000000045,87.0499999999996,0.3979,MEDIUM
29.450000000000045,87.0999999999996,0.4071,HIGH
29.450000000000045,87.1499999999996,0.398,MEDIUM
29.450000000000045,87.19999999999959,0.4067,HIGH
29.450000000000045,87.24999999999959,0.3913,MEDIUM
29.450000000000045,87.39999999999958,0.4058,HIGH
29.450000000000045,87.54999999999957,0.3761,MEDIUM
29.450000000000045,87.59999999999957,0.3835,MEDIUM
29.450000000000045,87.64999999999957,0.3817,MEDIUM
29.450000000000045,87.69999999999956,0.4041,HIGH
29.450000000000045,87.74999999999956,0.2111,LOW
29.450000000000045,87.79999999999956,0.397,MEDIUM
29.450000000000045,87.84999999999955,0.4046,HIGH
29.450000000000045,87.89999999999955,0.3403,MEDIUM
29.450000000000045,87.94999999999955,0.391,MEDIUM
29.450000000000045,87.99999999999955,0.338,MEDIUM
29.450000000000045,88.04999999999954,0.4134,HIGH
29.450000000000045,88.09999999999954,0.3979,MEDIUM
29.50000000000005,80.0,0.5268,HIGH
29.50000000000005,80.05,0.7961,VERY HIGH
29.50000000000005,80.1,0.7603,VERY HIGH
29.50000000000005,80.14999999999999,0.4852,HIGH
29.50000000000005,80.19999999999999,0.3759,MEDIUM
29.50000000000005,80.24999999999999,0.7506,VERY HIGH
29.50000000000005,80.29999999999998,0.334,MEDIUM
29.50000000000005,80.34999999999998,0.3675,MEDIUM
29.50000000000005,80.39999999999998,0.5966,HIGH
29.50000000000005,80.44999999999997,0.7506,VERY HIGH
29.50000000000005,80.49999999999997,0.6189,HIGH
29.50000000000005,80.59999999999997,0.4878,HIGH
29.50000000000005,80.64999999999996,0.7064,VERY HIGH
29.50000000000005,80.69999999999996,0.7265,VERY HIGH
29.50000000000005,80.74999999999996,0.7235,VERY HIGH
29.50000000000005,80.79999999999995,0.3145,MEDIUM
29.50000000000005,80.84999999999995,0.7849,VERY HIGH
29.50000000000005,80.89999999999995,0.6639,HIGH
29.50000000000005,80.94999999999995,0.3246,MEDIUM
29.50000000000005,80.99999999999994,0.4919,HIGH
29.50000000000005,81.04999999999994,0.6863,HIGH
29.50000000000005,81.14999999999993,0.6857,HIGH
29.50000000000005,81.19999999999993,0.7487,VERY HIGH
29.50000000000005,81.24999999999993,0.7643,VERY HIGH
29.50000000000005,81.29999999999993,0.4515,HIGH
29.50000000000005,81.34999999999992,0.4831,HIGH
29.50000000000005,81.39999999999992,0.2727,LOW
29.50000000000005,81.44999999999992,0.4106,HIGH
29.50000000000005,81.49999999999991,0.7469,VERY HIGH
29.50000000000005,81.54999999999991,0.7277,VERY HIGH
29.50000000000005,81.59999999999991,0.2868,LOW
29.50000000000005,81.6499999999999,0.2435,LOW
29.50000000000005,81.6999999999999,0.3232,MEDIUM
29.50000000000005,81.7499999999999,0.2051,LOW
29.50000000000005,81.7999999999999,0.2748,LOW
29.50000000000005,81.8499999999999,0.2892,LOW
29.50000000000005,81.89999999999989,0.4931,HIGH
29.50000000000005,81.94999999999989,0.3879,MEDIUM
29.50000000000005,81.99999999999989,0.4161,HIGH
29.50000000000005,82.04999999999988,0.7821,VERY HIGH
29.50000000000005,82.09999999999988,0.4109,HIGH
29.50000000000005,82.14999999999988,0.2244,LOW
29.50000000000005,82.19999999999987,0.5203,HIGH
29.50000000000005,82.24999999999987,0.5782,HIGH
29.50000000000005,82.64999999999985,0.432,HIGH
29.50000000000005,82.69999999999985,0.2258,LOW
29.50000000000005,82.74999999999984,0.3423,MEDIUM
29.50000000000005,82.99999999999983,0.4127,HIGH
29.50000000000005,83.04999999999983,0.4003,HIGH
29.50000000000005,83.99999999999977,0.3544,MEDIUM
29.50000000000005,84.04999999999977,0.4292,HIGH
29.50000000000005,84.09999999999977,0.4172,HIGH
29.50000000000005,84.14999999999976,0.4023,HIGH
29.50000000000005,84.19999999999976,0.3869,MEDIUM
29.50000000000005,84.24999999999976,0.4309,HIGH
29.50000000000005,84.29999999999976,0.3938,MEDIUM
29.50000000000005,84.34999999999975,0.4246,HIGH
29.50000000000005,84.39999999999975,0.4122,HIGH
29.50000000000005,84.44999999999975,0.4341,HIGH
29.50000000000005,84.49999999999974,0.4099,HIGH
29.50000000000005,84.64999999999974,0.4004,HIGH
29.50000000000005,84.74999999999973,0.4049,HIGH
29.50000000000005,84.79999999999973,0.4273,HIGH
29.50000000000005,84.84999999999972,0.4485,HIGH
29.50000000000005,84.99999999999972,0.4038,HIGH
29.50000000000005,85.04999999999971,0.4038,HIGH
29.50000000000005,85.2499999999997,0.4006,HIGH
29.50000000000005,85.64999999999968,0.3943,MEDIUM
29.50000000000005,85.69999999999968,0.4424,HIGH
29.50000000000005,85.79999999999967,0.4261,HIGH
29.50000000000005,85.89999999999966,0.396,MEDIUM
29.50000000000005,85.94999999999966,0.3977,MEDIUM
29.50000000000005,85.99999999999966,0.3824,MEDIUM
29.50000000000005,86.04999999999966,0.4156,HIGH
29.50000000000005,86.09999999999965,0.3977,MEDIUM
29.50000000000005,86.19999999999965,0.4067,HIGH
29.50000000000005,86.24999999999964,0.4067,HIGH
29.50000000000005,86.29999999999964,0.4326,HIGH
29.50000000000005,86.34999999999964,0.399,MEDIUM
29.50000000000005,86.39999999999964,0.415,HIGH
29.50000000000005,86.44999999999963,0.3877,MEDIUM
29.50000000000005,86.49999999999963,0.415,HIGH
29.50000000000005,86.54999999999963,0.4012,HIGH
29.50000000000005,86.59999999999962,0.3611,MEDIUM
29.50000000000005,86.64999999999962,0.3793,MEDIUM
29.50000000000005,86.69999999999962,0.2611,LOW
29.50000000000005,86.74999999999962,0.4012,HIGH
29.50000000000005,86.79999999999961,0.2422,LOW
29.50000000000005,86.84999999999961,0.3994,MEDIUM
29.50000000000005,86.89999999999961,0.3548,MEDIUM
29.50000000000005,86.9499999999996,0.4551,HIGH
29.50000000000005,86.9999999999996,0.4387,HIGH
29.50000000000005,87.0499999999996,0.4071,HIGH
29.50000000000005,87.1499999999996,0.3885,MEDIUM
29.50000000000005,87.49999999999957,0.4196,HIGH
29.50000000000005,87.59999999999957,0.4289,HIGH
29.50000000000005,87.64999999999957,0.3817,MEDIUM
29.50000000000005,87.84999999999955,0.2021,LOW
29.50000000000005,88.04999999999954,0.3979,MEDIUM
29.50000000000005,88.09999999999954,0.377,MEDIUM
29.50000000000005,88.14999999999954,0.4134,HIGH
29.50000000000005,88.19999999999953,0.4177,HIGH
29.550000000000047,80.0,0.7051,VERY HIGH
29.550000000000047,80.05,0.6919,HIGH
29.550000000000047,80.1,0.7764,VERY HIGH
29.550000000000047,80.14999999999999,0.4963,HIGH
29.550000000000047,80.19999999999999,0.6703,HIGH
29.550000000000047,80.24999999999999,0.7269,VERY HIGH
29.550000000000047,80.29999999999998,0.7327,VERY HIGH
29.550000000000047,80.39999999999998,0.5386,HIGH
29.550000000000047,80.44999999999997,0.7616,VERY HIGH
29.550000000000047,80.49999999999997,0.7158,VERY HIGH
29.550000000000047,80.54999999999997,0.5534,HIGH
29.550000000000047,80.59999999999997,0.4766,HIGH
29.550000000000047,80.64999999999996,0.4501,HIGH
29.550000000000047,80.69999999999996,0.6704,HIGH
29.550000000000047,80.74999999999996,0.4229,HIGH
29.550000000000047,80.79999999999995,0.4211,HIGH
29.550000000000047,80.84999999999995,0.6467,HIGH
29.550000000000047,80.89999999999995,0.5219,HIGH
29.550000000000047,80.94999999999995,0.268,LOW
29.550000000000047,80.99999999999994,0.6799,HIGH
29.550000000000047,81.04999999999994,0.5128,HIGH
29.550000000000047,81.09999999999994,0.4266,HIGH
29.550000000000047,81.14999999999993,0.4169,HIGH
29.550000000000047,81.24999999999993,0.278,LOW
29.550000000000047,81.29999999999993,0.7108,VERY HIGH
29.550000000000047,81.34999999999992,0.7238,VERY HIGH
29.550000000000047,81.39999999999992,0.575,HIGH
29.550000000000047,81.44999999999992,0.3897,MEDIUM
29.550000000000047,81.49999999999991,0.3611,MEDIUM
29.550000000000047,81.54999999999991,0.2353,LOW
29.550000000000047,81.59999999999991,0.7018,VERY HIGH
29.550000000000047,81.6499999999999,0.3869,MEDIUM
29.550000000000047,81.6999999999999,0.3686,MEDIUM
29.550000000000047,81.7499999999999,0.3599,MEDIUM
29.550000000000047,81.7999999999999,0.258,LOW
29.550000000000047,81.8499999999999,0.2867,LOW
29.550000000000047,81.89999999999989,0.3684,MEDIUM
29.550000000000047,81.94999999999989,0.2925,LOW
29.550000000000047,81.99999999999989,0.6262,HIGH
29.550000000000047,82.04999999999988,0.7922,VERY HIGH
29.550000000000047,82.09999999999988,0.7164,VERY HIGH
29.550000000000047,82.14999999999988,0.2071,LOW
29.550000000000047,82.19999999999987,0.271,LOW
29.550000000000047,82.24999999999987,0.3573,MEDIUM
29.550000000000047,82.29999999999987,0.5069,HIGH
29.550000000000047,82.34999999999987,0.5468,HIGH
29.550000000000047,82.39999999999986,0.622,HIGH
29.550000000000047,82.44999999999986,0.2367,LOW
29.550000000000047,82.49999999999986,0.1881,LOW
29.550000000000047,82.54999999999986,0.2721,LOW
29.550000000000047,82.59999999999985,0.2194,LOW
29.550000000000047,82.64999999999985,0.3568,MEDIUM
29.550000000000047,82.69999999999985,0.5175,HIGH
29.550000000000047,83.4499999999998,0.3805,MEDIUM
29.550000000000047,83.4999999999998,0.3869,MEDIUM
29.550000000000047,83.5499999999998,0.4125,HIGH
29.550000000000047,83.5999999999998,0.3869,MEDIUM
29.550000000000047,83.64999999999979,0.4161,HIGH
29.550000000000047,83.69999999999979,0.4161,HIGH
29.550000000000047,83.74999999999979,0.4161,HIGH
29.550000000000047,83.89999999999978,0.4006,HIGH
29.550000000000047,83.94999999999978,0.4033,HIGH
29.550000000000047,83.99999999999977,0.4222,HIGH
29.550000000000047,84.14999999999976,0.4023,HIGH
29.550000000000047,84.29999999999976,0.4265,HIGH
29.550000000000047,84.34999999999975,0.3944,MEDIUM
29.550000000000047,84.44999999999975,0.4351,HIGH
29.550000000000047,84.49999999999974,0.4375,HIGH
29.550000000000047,84.59999999999974,0.3821,MEDIUM
29.550000000000047,84.64999999999974,0.3948,MEDIUM
29.550000000000047,84.69999999999973,0.3671,MEDIUM
29.550000000000047,84.89999999999972,0.4067,HIGH
29.550000000000047,84.94999999999972,0.3901,MEDIUM
29.550000000000047,84.99999999999972,0.3915,MEDIUM
29.550000000000047,85.1999999999997,0.4161,HIGH
29.550000000000047,85.2499999999997,0.4023,HIGH
29.550000000000047,85.44999999999969,0.4407,HIGH
29.550000000000047,85.54999999999968,0.4097,HIGH
29.550000000000047,85.59999999999968,0.3932,MEDIUM
29.550000000000047,85.64999999999968,0.4544,HIGH
29.550000000000047,85.84999999999967,0.4144,HIGH
29.550000000000047,85.94999999999966,0.3824,MEDIUM
29.550000000000047,86.04999999999966,0.3977,MEDIUM
29.550000000000047,86.19999999999965,0.398,MEDIUM
29.550000000000047,86.29999999999964,0.425,HIGH
29.550000000000047,86.39999999999964,0.3819,MEDIUM
29.550000000000047,86.44999999999963,0.3553,MEDIUM
29.550000000000047,86.49999999999963,0.3994,MEDIUM
29.550000000000047,86.54999999999963,0.4062,HIGH
29.550000000000047,86.59999999999962,0.4269,HIGH
29.550000000000047,86.64999999999962,0.3859,MEDIUM
29.550000000000047,86.69999999999962,0.4131,HIGH
29.550000000000047,86.84999999999961,0.415,HIGH
29.550000000000047,86.9999999999996,0.437,HIGH
29.550000000000047,87.1499999999996,0.4067,HIGH
29.550000000000047,87.54999999999957,0.4041,HIGH
29.550000000000047,87.59999999999957,0.4228,HIGH
29.550000000000047,87.69999999999956,0.2471,LOW
29.550000000000047,87.94999999999955,0.3979,MEDIUM
29.550000000000047,88.14999999999954,0.3462,MEDIUM
29.550000000000047,88.19999999999953,0.3462,MEDIUM
29.600000000000048,80.0,0.7629,VERY HIGH
29.600000000000048,80.05,0.7405,VERY HIGH
29.600000000000048,80.1,0.681,HIGH
29.600000000000048,80.14999999999999,0.7468,VERY HIGH
29.600000000000048,80.19999999999999,0.5857,HIGH
29.600000000000048,80.24999999999999,0.5061,HIGH
29.600000000000048,80.29999999999998,0.7981,VERY HIGH
29.600000000000048,80.34999999999998,0.6629,HIGH
29.600000000000048,80.39999999999998,0.5213,HIGH
29.600000000000048,80.44999999999997,0.6053,HIGH
29.600000000000048,80.49999999999997,0.6453,HIGH
29.600000000000048,80.54999999999997,0.3017,MEDIUM
29.600000000000048,80.59999999999997,0.5031,HIGH
29.600000000000048,80.64999999999996,0.6453,HIGH
29.600000000000048,80.69999999999996,0.5835,HIGH
29.600000000000048,80.74999999999996,0.7231,VERY HIGH
29.600000000000048,80.79999999999995,0.6054,HIGH
29.600000000000048,80.89999999999995,0.3479,MEDIUM
29.600000000000048,80.94999999999995,0.2998,LOW
29.600000000000048,80.99999999999994,0.2386,LOW
29.600000000000048,81.04999999999994,0.2773,LOW
29.600000000000048,81.09999999999994,0.5149,HIGH
29.600000000000048,81.19999999999993,0.6443,HIGH
29.600000000000048,81.24999999999993,0.3163,MEDIUM
29.600000000000048,81.29999999999993,0.348,MEDIUM
29.600000000000048,81.34999999999992,0.3631,MEDIUM
29.600000000000048,81.39999999999992,0.7143,VERY HIGH
29.600000000000048,81.44999999999992,0.7161,VERY HIGH
29.600000000000048,81.49999999999991,0.3117,MEDIUM
29.600000000000048,81.54999999999991,0.4593,HIGH
29.600000000000048,81.59999999999991,0.4218,HIGH
29.600000000000048,81.6499999999999,0.6465,HIGH
29.600000000000048,81.6999999999999,0.2733,LOW
29.600000000000048,81.7499999999999,0.3436,MEDIUM
29.600000000000048,81.7999999999999,0.2284,LOW
29.600000000000048,81.8499999999999,0.3154,MEDIUM
29.600000000000048,81.89999999999989,0.3128,MEDIUM
29.600000000000048,81.94999999999989,0.3635,MEDIUM
29.600000000000048,81.99999999999989,0.2262,LOW
29.600000000000048,82.04999999999988,0.2184,LOW
29.600000000000048,82.09999999999988,0.3021,MEDIUM
29.600000000000048,82.14999999999988,0.2374,LOW
29.600000000000048,82.19999999999987,0.3344,MEDIUM
29.600000000000048,82.24999999999987,0.2839,LOW
29.600000000000048,82.29999999999987,0.2197,LOW
29.600000000000048,82.34999999999987,0.1793,LOW
29.600000000000048,82.39999999999986,0.1988,LOW
29.600000000000048,82.44999999999986,0.2079,LOW
29.600000000000048,82.49999999999986,0.4948,HIGH
29.600000000000048,82.54999999999986,0.3892,MEDIUM
29.600000000000048,82.59999999999985,0.4321,HIGH
29.600000000000048,82.69999999999985,0.3664,MEDIUM
29.600000000000048,82.94999999999983,0.3904,MEDIUM
29.600000000000048,82.99999999999983,0.4775,HIGH
29.600000000000048,83.3999999999998,0.3759,MEDIUM
29.600000000000048,83.4999999999998,0.3671,MEDIUM
29.600000000000048,83.5499999999998,0.3869,MEDIUM
29.600000000000048,83.5999999999998,0.4373,HIGH
29.600000000000048,83.64999999999979,0.4023,HIGH
29.600000000000048,83.69999999999979,0.4172,HIGH
29.600000000000048,83.74999999999979,0.4213,HIGH
29.600000000000048,83.79999999999978,0.4354,HIGH
29.600000000000048,83.89999999999978,0.4189,HIGH
29.600000000000048,83.94999999999978,0.4161,HIGH
29.600000000000048,83.99999999999977,0.4493,HIGH
29.600000000000048,84.39999999999975,0.4246,HIGH
29.600000000000048,84.54999999999974,0.4329,HIGH
29.600000000000048,84.59999999999974,0.4006,HIGH
29.600000000000048,84.69999999999973,0.4189,HIGH
29.600000000000048,84.94999999999972,0.4612,HIGH
29.600000000000048,85.04999999999971,0.3869,MEDIUM
29.600000000000048,85.14999999999971,0.3936,MEDIUM
29.600000000000048,85.1999999999997,0.4033,HIGH
29.600000000000048,85.2499999999997,0.4309,HIGH
29.600000000000048,85.2999999999997,0.3783,MEDIUM
29.600000000000048,85.74999999999967,0.4266,HIGH
29.600000000000048,85.79999999999967,0.4407,HIGH
29.600000000000048,85.84999999999967,0.3824,MEDIUM
29.600000000000048,86.19999999999965,0.398,MEDIUM
29.600000000000048,86.29999999999964,0.398,MEDIUM
29.600000000000048,86.59999999999962,0.415,HIGH
29.600000000000048,86.79999999999961,0.4162,HIGH
29.600000000000048,86.89999999999961,0.4251,HIGH
29.600000000000048,86.9499999999996,0.4397,HIGH
29.600000000000048,86.9999999999996,0.4387,HIGH
29.600000000000048,87.0499999999996,0.3977,MEDIUM
29.600000000000048,87.64999999999957,0.4138,HIGH
29.600000000000048,87.69999999999956,0.3672,MEDIUM
29.600000000000048,87.74999999999956,0.2539,LOW
29.600000000000048,87.84999999999955,0.3903,MEDIUM
29.600000000000048,88.09999999999954,0.3979,MEDIUM
29.600000000000048,88.19999999999953,0.3979,MEDIUM
29.65000000000005,80.0,0.7884,VERY HIGH
29.65000000000005,80.05,0.8112,VERY HIGH
29.65000000000005,80.1,0.6935,HIGH
29.65000000000005,80.14999999999999,0.7461,VERY HIGH
29.65000000000005,80.19999999999999,0.7825,VERY HIGH
29.65000000000005,80.24999999999999,0.7626,VERY HIGH
29.65000000000005,80.29999999999998,0.7763,VERY HIGH
29.65000000000005,80.34999999999998,0.7319,VERY HIGH
29.65000000000005,80.39999999999998,0.67,HIGH
29.65000000000005,80.44999999999997,0.5023,HIGH
29.65000000000005,80.49999999999997,0.3158,MEDIUM
29.65000000000005,80.54999999999997,0.7193,VERY HIGH
29.65000000000005,80.59999999999997,0.4036,HIGH
29.65000000000005,80.64999999999996,0.6513,HIGH
29.65000000000005,80.69999999999996,0.6439,HIGH
29.65000000000005,80.74999999999996,0.3741,MEDIUM
29.65000000000005,80.79999999999995,0.3523,MEDIUM
29.65000000000005,80.84999999999995,0.3242,MEDIUM
29.65000000000005,80.89999999999995,0.239,LOW
29.65000000000005,80.94999999999995,0.2433,LOW
29.65000000000005,80.99999999999994,0.6469,HIGH
29.65000000000005,81.04999999999994,0.2147,LOW
29.65000000000005,81.09999999999994,0.3556,MEDIUM
29.65000000000005,81.14999999999993,0.3906,MEDIUM
29.65000000000005,81.19999999999993,0.3477,MEDIUM
29.65000000000005,81.24999999999993,0.3247,MEDIUM
29.65000000000005,81.29999999999993,0.3407,MEDIUM
29.65000000000005,81.34999999999992,0.581,HIGH
29.65000000000005,81.39999999999992,0.6545,HIGH
29.65000000000005,81.44999999999992,0.4585,HIGH
29.65000000000005,81.6499999999999,0.5525,HIGH
29.65000000000005,81.6999999999999,0.3444,MEDIUM
29.65000000000005,81.7499999999999,0.3656,MEDIUM
29.65000000000005,81.7999999999999,0.6494,HIGH
29.65000000000005,81.8499999999999,0.3181,MEDIUM
29.65000000000005,81.89999999999989,0.3346,MEDIUM
29.65000000000005,81.94999999999989,0.6841,HIGH
29.65000000000005,81.99999999999989,0.5918,HIGH
29.65000000000005,82.04999999999988,0.3613,MEDIUM
29.65000000000005,82.09999999999988,0.6891,HIGH
29.65000000000005,82.19999999999987,0.4395,HIGH
29.65000000000005,82.39999999999986,0.3839,MEDIUM
29.65000000000005,82.49999999999986,0.1786,LOW
29.65000000000005,82.54999999999986,0.3642,MEDIUM
29.65000000000005,82.69999999999985,0.1847,LOW
29.65000000000005,82.74999999999984,0.3409,MEDIUM
29.65000000000005,83.29999999999981,0.3808,MEDIUM
29.65000000000005,83.34999999999981,0.3826,MEDIUM
29.65000000000005,83.4499999999998,0.3989,MEDIUM
29.65000000000005,83.4999999999998,0.3944,MEDIUM
29.65000000000005,83.5499999999998,0.4103,HIGH
29.65000000000005,83.5999999999998,0.4164,HIGH
29.65000000000005,83.64999999999979,0.4189,HIGH
29.65000000000005,83.69999999999979,0.3869,MEDIUM
29.65000000000005,83.74999999999979,0.4189,HIGH
29.65000000000005,83.79999999999978,0.4512,HIGH
29.65000000000005,83.89999999999978,0.4231,HIGH
29.65000000000005,83.94999999999978,0.4023,HIGH
29.65000000000005,84.04999999999977,0.4191,HIGH
29.65000000000005,84.09999999999977,0.4452,HIGH
29.65000000000005,84.19999999999976,0.4242,HIGH
29.65000000000005,84.29999999999976,0.4122,HIGH
29.65000000000005,84.39999999999975,0.3805,MEDIUM
29.65000000000005,84.44999999999975,0.3946,MEDIUM
29.65000000000005,84.49999999999974,0.4371,HIGH
29.65000000000005,84.54999999999974,0.4172,HIGH
29.65000000000005,85.04999999999971,0.4189,HIGH
29.65000000000005,85.09999999999971,0.4329,HIGH
29.65000000000005,86.14999999999965,0.3977,MEDIUM
29.65000000000005,86.19999999999965,0.3913,MEDIUM
29.65000000000005,86.29999999999964,0.4067,HIGH
29.65000000000005,86.34999999999964,0.4187,HIGH
29.65000000000005,86.54999999999963,0.4181,HIGH
29.65000000000005,86.74999999999962,0.4344,HIGH
29.65000000000005,86.9499999999996,0.4367,HIGH
29.65000000000005,86.9999999999996,0.3682,MEDIUM
29.65000000000005,87.0499999999996,0.4159,HIGH
29.65000000000005,87.0999999999996,0.4442,HIGH
29.65000000000005,87.29999999999959,0.4326,HIGH
29.65000000000005,87.39999999999958,0.4138,HIGH
29.65000000000005,87.49999999999957,0.3921,MEDIUM
29.65000000000005,87.54999999999957,0.4101,HIGH
29.65000000000005,87.59999999999957,0.407,HIGH
29.65000000000005,87.64999999999957,0.4319,HIGH
29.65000000000005,87.74999999999956,0.4484,HIGH
29.65000000000005,87.84999999999955,0.4058,HIGH
29.65000000000005,87.94999999999955,0.4274,HIGH
29.65000000000005,87.99999999999955,0.3892,MEDIUM
29.65000000000005,88.09999999999954,0.4046,HIGH
29.65000000000005,88.19999999999953,0.4134,HIGH
29.70000000000005,80.0,0.7359,VERY HIGH
29.70000000000005,80.05,0.7771,VERY HIGH
29.70000000000005,80.1,0.7725,VERY HIGH
29.70000000000005,80.14999999999999,0.7845,VERY HIGH
29.70000000000005,80.19999999999999,0.7658,VERY HIGH
29.70000000000005,80.24999999999999,0.7092,VERY HIGH
29.70000000000005,80.29999999999998,0.5965,HIGH
29.70000000000005,80.34999999999998,0.7501,VERY HIGH
29.70000000000005,80.39999999999998,0.7619,VERY HIGH
29.70000000000005,80.44999999999997,0.6469,HIGH
29.70000000000005,80.49999999999997,0.5988,HIGH
29.70000000000005,80.54999999999997,0.589,HIGH
29.70000000000005,80.59999999999997,0.4381,HIGH
29.70000000000005,80.64999999999996,0.3135,MEDIUM
29.70000000000005,80.69999999999996,0.3639,MEDIUM
29.70000000000005,80.74999999999996,0.422,HIGH
29.70000000000005,80.79999999999995,0.6076,HIGH
29.70000000000005,80.84999999999995,0.6826,HIGH
29.70000000000005,80.89999999999995,0.3498,MEDIUM
29.70000000000005,80.94999999999995,0.43,HIGH
29.70000000000005,80.99999999999994,0.3752,MEDIUM
29.70000000000005,81.04999999999994,0.43,HIGH
29.70000000000005,81.14999999999993,0.2032,LOW
29.70000000000005,81.19999999999993,0.2396,LOW
29.70000000000005,81.24999999999993,0.3372,MEDIUM
29.70000000000005,81.29999999999993,0.363,MEDIUM
29.70000000000005,81.34999999999992,0.4498,HIGH
29.70000000000005,81.39999999999992,0.321,MEDIUM
29.70000000000005,81.44999999999992,0.4665,HIGH
29.70000000000005,81.59999999999991,0.6392,HIGH
29.70000000000005,81.6499999999999,0.3074,MEDIUM
29.70000000000005,81.6999999999999,0.5379,HIGH
29.70000000000005,81.7499999999999,0.706,VERY HIGH
29.70000000000005,81.7999999999999,0.7167,VERY HIGH
29.70000000000005,81.8499999999999,0.2305,LOW
29.70000000000005,81.89999999999989,0.3431,MEDIUM
29.70000000000005,81.94999999999989,0.2537,LOW
29.70000000000005,81.99999999999989,0.5682,HIGH
29.70000000000005,82.04999999999988,0.402,HIGH
29.70000000000005,82.09999999999988,0.3141,MEDIUM
29.70000000000005,82.14999999999988,0.2516,LOW
29.70000000000005,82.19999999999987,0.4396,HIGH
29.70000000000005,82.44999999999986,0.3739,MEDIUM
29.70000000000005,82.49999999999986,0.3024,MEDIUM
29.70000000000005,82.69999999999985,0.4205,HIGH
29.70000000000005,83.09999999999982,0.4593,HIGH
29.70000000000005,83.19999999999982,0.4194,HIGH
29.70000000000005,83.24999999999982,0.4351,HIGH
29.70000000000005,83.29999999999981,0.3961,MEDIUM
29.70000000000005,83.34999999999981,0.3758,MEDIUM
29.70000000000005,83.3999999999998,0.3808,MEDIUM
29.70000000000005,83.4499999999998,0.4307,HIGH
29.70000000000005,83.4999999999998,0.4246,HIGH
29.70000000000005,83.5499999999998,0.3961,MEDIUM
29.70000000000005,83.5999999999998,0.3789,MEDIUM
29.70000000000005,83.64999999999979,0.3671,MEDIUM
29.70000000000005,83.69999999999979,0.4152,HIGH
29.70000000000005,83.74999999999979,0.4213,HIGH
29.70000000000005,83.79999999999978,0.3869,MEDIUM
29.70000000000005,83.84999999999978,0.4033,HIGH
29.70000000000005,83.94999999999978,0.3919,MEDIUM
29.70000000000005,84.39999999999975,0.4023,HIGH
29.70000000000005,84.49999999999974,0.4152,HIGH
29.70000000000005,85.74999999999967,0.4213,HIGH
29.70000000000005,86.14999999999965,0.4031,HIGH
29.70000000000005,86.24999999999964,0.3533,MEDIUM
29.70000000000005,86.29999999999964,0.4206,HIGH
29.70000000000005,86.64999999999962,0.405,HIGH
29.70000000000005,86.69999999999962,0.4067,HIGH
29.70000000000005,86.74999999999962,0.4389,HIGH
29.70000000000005,86.89999999999961,0.4301,HIGH
29.70000000000005,86.9499999999996,0.3841,MEDIUM
29.70000000000005,86.9999999999996,0.4134,HIGH
29.70000000000005,87.19999999999959,0.4554,HIGH
29.70000000000005,87.29999999999959,0.398,MEDIUM
29.70000000000005,87.39999999999958,0.4408,HIGH
29.70000000000005,87.49999999999957,0.3903,MEDIUM
29.70000000000005,87.54999999999957,0.407,HIGH
29.70000000000005,87.59999999999957,0.4226,HIGH
29.70000000000005,87.64999999999957,0.4138,HIGH
29.70000000000005,87.69999999999956,0.4187,HIGH
29.70000000000005,87.74999999999956,0.3983,MEDIUM
29.70000000000005,87.79999999999956,0.3983,MEDIUM
29.70000000000005,87.89999999999955,0.4177,HIGH
29.70000000000005,87.99999999999955,0.4304,HIGH
29.70000000000005,88.04999999999954,0.3445,MEDIUM
29.70000000000005,88.09999999999954,0.4117,HIGH
29.70000000000005,88.14999999999954,0.4304,HIGH
29.75000000000005,80.0,0.5885,HIGH
29.75000000000005,80.05,0.7852,VERY HIGH
29.75000000000005,80.1,0.7767,VERY HIGH
29.75000000000005,80.14999999999999,0.7439,VERY HIGH
29.75000000000005,80.19999999999999,0.7811,VERY HIGH
29.75000000000005,80.24999999999999,0.8093,VERY HIGH
29.75000000000005,80.29999999999998,0.7832,VERY HIGH
29.75000000000005,80.34999999999998,0.7817,VERY HIGH
29.75000000000005,80.39999999999998,0.7226,VERY HIGH
29.75000000000005,80.44999999999997,0.7285,VERY HIGH
29.75000000000005,80.49999999999997,0.5731,HIGH
29.75000000000005,80.54999999999997,0.4523,HIGH
29.75000000000005,80.59999999999997,0.2214,LOW
29.75000000000005,80.64999999999996,0.3286,MEDIUM
29.75000000000005,80.69999999999996,0.2444,LOW
29.75000000000005,80.74999999999996,0.2241,LOW
29.75000000000005,80.79999999999995,0.5677,HIGH
29.75000000000005,80.84999999999995,0.6806,HIGH
29.75000000000005,80.89999999999995,0.2178,LOW
29.75000000000005,80.94999999999995,0.3809,MEDIUM
29.75000000000005,81.04999999999994,0.4105,HIGH
29.75000000000005,81.09999999999994,0.4177,HIGH
29.75000000000005,81.14999999999993,0.182,LOW
29.75000000000005,81.19999999999993,0.2347,LOW
29.75000000000005,81.24999999999993,0.5415,HIGH
29.75000000000005,81.29999999999993,0.3146,MEDIUM
29.75000000000005,81.34999999999992,0.3327,MEDIUM
29.75000000000005,81.39999999999992,0.3356,MEDIUM
29.75000000000005,81.44999999999992,0.4192,HIGH
29.75000000000005,81.6499999999999,0.6981,HIGH
29.75000000000005,81.6999999999999,0.3866,MEDIUM
29.75000000000005,81.7499999999999,0.3924,MEDIUM
29.75000000000005,81.7999999999999,0.5279,HIGH
29.75000000000005,81.8499999999999,0.7323,VERY HIGH
29.75000000000005,81.89999999999989,0.7399,VERY HIGH
29.75000000000005,81.94999999999989,0.573,HIGH
29.75000000000005,81.99999999999989,0.3275,MEDIUM
29.75000000000005,82.04999999999988,0.222,LOW
29.75000000000005,82.09999999999988,0.6307,HIGH
29.75000000000005,82.14999999999988,0.4226,HIGH
29.75000000000005,82.19999999999987,0.6797,HIGH
29.75000000000005,82.24999999999987,0.4367,HIGH
29.75000000000005,82.29999999999987,0.3686,MEDIUM
29.75000000000005,82.49999999999986,0.3654,MEDIUM
29.75000000000005,83.04999999999983,0.4337,HIGH
29.75000000000005,83.14999999999982,0.4642,HIGH
29.75000000000005,83.19999999999982,0.4073,HIGH
29.75000000000005,83.24999999999982,0.4545,HIGH
29.75000000000005,83.29999999999981,0.4221,HIGH
29.75000000000005,83.34999999999981,0.3961,MEDIUM
29.75000000000005,83.3999999999998,0.3826,MEDIUM
29.75000000000005,83.4499999999998,0.3971,MEDIUM
29.75000000000005,83.4999999999998,0.3808,MEDIUM
29.75000000000005,83.5499999999998,0.3944,MEDIUM
29.75000000000005,83.5999999999998,0.4225,HIGH
29.75000000000005,83.64999999999979,0.3902,MEDIUM
29.75000000000005,83.69999999999979,0.3967,MEDIUM
29.75000000000005,83.74999999999979,0.4189,HIGH
29.75000000000005,83.79999999999978,0.4033,HIGH
29.75000000000005,83.84999999999978,0.4006,HIGH
29.75000000000005,83.94999999999978,0.3869,MEDIUM
29.75000000000005,83.99999999999977,0.4119,HIGH
29.75000000000005,84.29999999999976,0.4164,HIGH
29.75000000000005,84.39999999999975,0.4172,HIGH
29.75000000000005,84.49999999999974,0.3869,MEDIUM
29.75000000000005,84.79999999999973,0.4164,HIGH
29.75000000000005,84.89999999999972,0.449,HIGH
29.75000000000005,84.94999999999972,0.4452,HIGH
29.75000000000005,85.3499999999997,0.4356,HIGH
29.75000000000005,85.3999999999997,0.4172,HIGH
29.75000000000005,85.74999999999967,0.4152,HIGH
29.75000000000005,86.09999999999965,0.4206,HIGH
29.75000000000005,86.14999999999965,0.4067,HIGH
29.75000000000005,86.19999999999965,0.4187,HIGH
29.75000000000005,86.29999999999964,0.4326,HIGH
29.75000000000005,86.34999999999964,0.4389,HIGH
29.75000000000005,86.44999999999963,0.4118,HIGH
29.75000000000005,86.69999999999962,0.4206,HIGH
29.75000000000005,86.74999999999962,0.4031,HIGH
29.75000000000005,86.79999999999961,0.4187,HIGH
29.75000000000005,86.89999999999961,0.3977,MEDIUM
29.75000000000005,86.9499999999996,0.3977,MEDIUM
29.75000000000005,86.9999999999996,0.4134,HIGH
29.75000000000005,87.0499999999996,0.3979,MEDIUM
29.75000000000005,87.29999999999959,0.4067,HIGH
29.75000000000005,87.64999999999957,0.4088,HIGH
29.75000000000005,87.74999999999956,0.3983,MEDIUM
29.75000000000005,87.94999999999955,0.4108,HIGH
29.75000000000005,88.09999999999954,0.4373,HIGH
29.75000000000005,88.14999999999954,0.4322,HIGH
29.75000000000005,88.19999999999953,0.4866,HIGH
29.80000000000005,80.0,0.5924,HIGH
29.80000000000005,80.05,0.7575,VERY HIGH
29.80000000000005,80.1,0.7738,VERY HIGH
29.80000000000005,80.14999999999999,0.7413,VERY HIGH
29.80000000000005,80.19999999999999,0.7644,VERY HIGH
29.80000000000005,80.24999999999999,0.7265,VERY HIGH
29.80000000000005,80.29999999999998,0.7754,VERY HIGH
29.80000000000005,80.34999999999998,0.7568,VERY HIGH
29.80000000000005,80.39999999999998,0.499,HIGH
29.80000000000005,80.44999999999997,0.4239,HIGH
29.80000000000005,80.49999999999997,0.3602,MEDIUM
29.80000000000005,80.54999999999997,0.2065,LOW
29.80000000000005,80.59999999999997,0.7109,VERY HIGH
29.80000000000005,80.64999999999996,0.2444,LOW
29.80000000000005,80.69999999999996,0.6939,HIGH
29.80000000000005,80.74999999999996,0.6856,HIGH
29.80000000000005,80.79999999999995,0.3154,MEDIUM
29.80000000000005,80.84999999999995,0.2463,LOW
29.80000000000005,80.89999999999995,0.4126,HIGH
29.80000000000005,80.94999999999995,0.375,MEDIUM
29.80000000000005,80.99999999999994,0.3606,MEDIUM
29.80000000000005,81.04999999999994,0.3897,MEDIUM
29.80000000000005,81.14999999999993,0.4033,HIGH
29.80000000000005,81.24999999999993,0.3208,MEDIUM
29.80000000000005,81.6499999999999,0.3964,MEDIUM
29.80000000000005,81.6999999999999,0.6444,HIGH
29.80000000000005,81.7499999999999,0.322,MEDIUM
29.80000000000005,81.7999999999999,0.564,HIGH
29.80000000000005,81.8499999999999,0.2742,LOW
29.80000000000005,81.89999999999989,0.324,MEDIUM
29.80000000000005,81.94999999999989,0.2333,LOW
29.80000000000005,81.99999999999989,0.367,MEDIUM
29.80000000000005,82.04999999999988,0.6426,HIGH
29.80000000000005,82.09999999999988,0.2293,LOW
29.80000000000005,82.14999999999988,0.3089,MEDIUM
29.80000000000005,82.19999999999987,0.4276,HIGH
29.80000000000005,82.54999999999986,0.2215,LOW
29.80000000000005,82.99999999999983,0.3884,MEDIUM
29.80000000000005,83.04999999999983,0.4109,HIGH
29.80000000000005,83.09999999999982,0.4109,HIGH
29.80000000000005,83.14999999999982,0.4109,HIGH
29.80000000000005,83.19999999999982,0.4055,HIGH
29.80000000000005,83.24999999999982,0.4404,HIGH
29.80000000000005,83.29999999999981,0.4341,HIGH
29.80000000000005,83.34999999999981,0.4055,HIGH
29.80000000000005,83.3999999999998,0.4002,HIGH
29.80000000000005,83.4499999999998,0.3885,MEDIUM
29.80000000000005,83.5999999999998,0.4448,HIGH
29.80000000000005,83.64999999999979,0.3671,MEDIUM
29.80000000000005,83.74999999999979,0.4093,HIGH
29.80000000000005,83.79999999999978,0.3902,MEDIUM
29.80000000000005,83.94999999999978,0.4349,HIGH
29.80000000000005,83.99999999999977,0.4224,HIGH
29.80000000000005,84.19999999999976,0.4452,HIGH
29.80000000000005,84.29999999999976,0.4373,HIGH
29.80000000000005,84.44999999999975,0.4191,HIGH
29.80000000000005,84.49999999999974,0.4152,HIGH
29.80000000000005,84.74999999999973,0.4191,HIGH
29.80000000000005,84.79999999999973,0.4191,HIGH
29.80000000000005,84.84999999999972,0.4164,HIGH
29.80000000000005,84.89999999999972,0.4349,HIGH
29.80000000000005,85.14999999999971,0.4292,HIGH
29.80000000000005,85.64999999999968,0.4309,HIGH
29.80000000000005,85.79999999999967,0.4067,HIGH
29.80000000000005,85.84999999999967,0.4206,HIGH
29.80000000000005,85.99999999999966,0.4226,HIGH
29.80000000000005,86.09999999999965,0.3913,MEDIUM
29.80000000000005,86.34999999999964,0.4187,HIGH
29.80000000000005,86.59999999999962,0.4206,HIGH
29.80000000000005,86.74999999999962,0.4115,HIGH
29.80000000000005,86.84999999999961,0.4139,HIGH
29.80000000000005,86.9499999999996,0.4442,HIGH
29.80000000000005,87.0499999999996,0.4046,HIGH
29.80000000000005,87.1499999999996,0.3873,MEDIUM
29.80000000000005,87.19999999999959,0.4352,HIGH
29.80000000000005,87.24999999999959,0.4391,HIGH
29.80000000000005,87.34999999999958,0.407,HIGH
29.80000000000005,87.39999999999958,0.4088,HIGH
29.80000000000005,87.44999999999958,0.3627,MEDIUM
29.80000000000005,87.59999999999957,0.3749,MEDIUM
29.80000000000005,87.64999999999957,0.4138,HIGH
29.80000000000005,87.69999999999956,0.4415,HIGH
29.80000000000005,87.74999999999956,0.4209,HIGH
29.80000000000005,87.79999999999956,0.3983,MEDIUM
29.80000000000005,87.84999999999955,0.4226,HIGH
29.80000000000005,87.99999999999955,0.4058,HIGH
29.80000000000005,88.04999999999954,0.4233,HIGH
29.80000000000005,88.14999999999954,0.4322,HIGH
29.80000000000005,88.19999999999953,0.3927,MEDIUM
29.85000000000005,80.0,0.8001,VERY HIGH
29.85000000000005,80.05,0.7892,VERY HIGH
29.85000000000005,80.1,0.7372,VERY HIGH
29.85000000000005,80.14999999999999,0.485,HIGH
29.85000000000005,80.19999999999999,0.785,VERY HIGH
29.85000000000005,80.24999999999999,0.6638,HIGH
29.85000000000005,80.29999999999998,0.7795,VERY HIGH
29.85000000000005,80.34999999999998,0.4816,HIGH
29.85000000000005,80.39999999999998,0.3646,MEDIUM
29.85000000000005,80.44999999999997,0.3617,MEDIUM
29.85000000000005,80.49999999999997,0.4168,HIGH
29.85000000000005,80.59999999999997,0.699,HIGH
29.85000000000005,80.64999999999996,0.631,HIGH
29.85000000000005,80.69999999999996,0.3636,MEDIUM
29.85000000000005,80.74999999999996,0.5442,HIGH
29.85000000000005,80.79999999999995,0.1633,LOW
29.85000000000005,80.84999999999995,0.2639,LOW
29.85000000000005,80.89999999999995,0.4405,HIGH
29.85000000000005,80.94999999999995,0.2175,LOW
29.85000000000005,81.19999999999993,0.3332,MEDIUM
29.85000000000005,81.24999999999993,0.231,LOW
29.85000000000005,81.29999999999993,0.4013,HIGH
29.85000000000005,81.44999999999992,0.4262,HIGH
29.85000000000005,81.6999999999999,0.2233,LOW
29.85000000000005,81.7499999999999,0.5863,HIGH
29.85000000000005,81.7999999999999,0.4298,HIGH
29.85000000000005,81.8499999999999,0.7072,VERY HIGH
29.85000000000005,81.89999999999989,0.2206,LOW
29.85000000000005,81.94999999999989,0.6191,HIGH
29.85000000000005,81.99999999999989,0.611,HIGH
29.85000000000005,82.04999999999988,0.4233,HIGH
29.85000000000005,82.09999999999988,0.2532,LOW
29.85000000000005,82.14999999999988,0.4667,HIGH
29.85000000000005,82.19999999999987,0.2181,LOW
29.85000000000005,82.24999999999987,0.1962,LOW
29.85000000000005,82.29999999999987,0.4898,HIGH
29.85000000000005,82.49999999999986,0.3968,MEDIUM
29.85000000000005,82.89999999999984,0.4099,HIGH
29.85000000000005,82.99999999999983,0.3748,MEDIUM
29.85000000000005,83.04999999999983,0.3944,MEDIUM
29.85000000000005,83.09999999999982,0.3944,MEDIUM
29.85000000000005,83.14999999999982,0.4109,HIGH
29.85000000000005,83.19999999999982,0.3938,MEDIUM
29.85000000000005,83.29999999999981,0.4055,HIGH
29.85000000000005,83.34999999999981,0.4211,HIGH
29.85000000000005,83.4499999999998,0.4448,HIGH
29.85000000000005,83.5999999999998,0.4161,HIGH
29.85000000000005,83.74999999999979,0.4099,HIGH
29.85000000000005,83.89999999999978,0.4512,HIGH
29.85000000000005,83.94999999999978,0.4025,HIGH
29.85000000000005,83.99999999999977,0.3954,MEDIUM
29.85000000000005,84.09999999999977,0.3938,MEDIUM
29.85000000000005,84.19999999999976,0.4311,HIGH
29.85000000000005,84.24999999999976,0.4025,HIGH
29.85000000000005,84.34999999999975,0.4164,HIGH
29.85000000000005,84.44999999999975,0.4311,HIGH
29.85000000000005,84.79999999999973,0.4164,HIGH
29.85000000000005,85.2999999999997,0.4354,HIGH
29.85000000000005,85.59999999999968,0.4006,HIGH
29.85000000000005,85.84999999999967,0.3913,MEDIUM
29.85000000000005,85.94999999999966,0.4209,HIGH
29.85000000000005,85.99999999999966,0.4488,HIGH
29.85000000000005,86.24999999999964,0.405,HIGH
29.85000000000005,86.34999999999964,0.405,HIGH
29.85000000000005,86.44999999999963,0.4187,HIGH
29.85000000000005,86.49999999999963,0.3913,MEDIUM
29.85000000000005,86.74999999999962,0.396,MEDIUM
29.85000000000005,86.79999999999961,0.3977,MEDIUM
29.85000000000005,86.9499999999996,0.3824,MEDIUM
29.85000000000005,87.1499999999996,0.4027,HIGH
29.85000000000005,87.24999999999959,0.4088,HIGH
29.85000000000005,87.34999999999958,0.407,HIGH
29.85000000000005,87.39999999999958,0.4041,HIGH
29.85000000000005,87.44999999999958,0.397,MEDIUM
29.85000000000005,87.59999999999957,0.4226,HIGH
29.85000000000005,87.69999999999956,0.4346,HIGH
29.85000000000005,87.74999999999956,0.4138,HIGH
29.85000000000005,87.79999999999956,0.4257,HIGH
29.85000000000005,87.89999999999955,0.4277,HIGH
29.85000000000005,87.94999999999955,0.2602,LOW
29.85000000000005,87.99999999999955,0.3903,MEDIUM
29.85000000000005,88.04999999999954,0.4665,HIGH
29.85000000000005,88.09999999999954,0.448,HIGH
29.90000000000005,80.0,0.6212,HIGH
29.90000000000005,80.05,0.7961,VERY HIGH
29.90000000000005,80.1,0.8003,VERY HIGH
29.90000000000005,80.19999999999999,0.594,HIGH
29.90000000000005,80.24999999999999,0.7033,VERY HIGH
29.90000000000005,80.29999999999998,0.6574,HIGH
29.90000000000005,80.34999999999998,0.3765,MEDIUM
29.90000000000005,80.39999999999998,0.3668,MEDIUM
29.90000000000005,80.44999999999997,0.2242,LOW
29.90000000000005,80.49999999999997,0.642,HIGH
29.90000000000005,80.54999999999997,0.3361,MEDIUM
29.90000000000005,80.59999999999997,0.341,MEDIUM
29.90000000000005,80.64999999999996,0.4534,HIGH
29.90000000000005,80.69999999999996,0.7382,VERY HIGH
29.90000000000005,80.74999999999996,0.7252,VERY HIGH
29.90000000000005,80.79999999999995,0.1809,LOW
29.90000000000005,80.89999999999995,0.2662,LOW
29.90000000000005,80.94999999999995,0.4401,HIGH
29.90000000000005,80.99999999999994,0.4593,HIGH
29.90000000000005,81.29999999999993,0.1607,LOW
29.90000000000005,81.34999999999992,0.4734,HIGH
29.90000000000005,81.59999999999991,0.2207,LOW
29.90000000000005,81.6499999999999,0.3609,MEDIUM
29.90000000000005,81.8499999999999,0.313,MEDIUM
29.90000000000005,81.89999999999989,0.7456,VERY HIGH
29.90000000000005,81.94999999999989,0.4283,HIGH
29.90000000000005,81.99999999999989,0.4102,HIGH
29.90000000000005,82.04999999999988,0.4283,HIGH
29.90000000000005,82.19999999999987,0.2813,LOW
29.90000000000005,82.24999999999987,0.3894,MEDIUM
29.90000000000005,82.29999999999987,0.275,LOW
29.90000000000005,82.49999999999986,0.4164,HIGH
29.90000000000005,82.54999999999986,0.404,HIGH
29.90000000000005,82.89999999999984,0.3944,MEDIUM
29.90000000000005,82.94999999999983,0.3961,MEDIUM
29.90000000000005,82.99999999999983,0.3752,MEDIUM
29.90000000000005,83.04999999999983,0.3971,MEDIUM
29.90000000000005,83.09999999999982,0.4089,HIGH
29.90000000000005,83.14999999999982,0.3808,MEDIUM
29.90000000000005,83.19999999999982,0.392,MEDIUM
29.90000000000005,83.24999999999982,0.4099,HIGH
29.90000000000005,83.29999999999981,0.4107,HIGH
29.90000000000005,83.3999999999998,0.4375,HIGH
29.90000000000005,83.4499999999998,0.4207,HIGH
29.90000000000005,83.4999999999998,0.3698,MEDIUM
29.90000000000005,83.5499999999998,0.4172,HIGH
29.90000000000005,83.5999999999998,0.3897,MEDIUM
29.90000000000005,83.79999999999978,0.3869,MEDIUM
29.90000000000005,83.84999999999978,0.445,HIGH
29.90000000000005,83.89999999999978,0.3869,MEDIUM
29.90000000000005,83.94999999999978,0.4674,HIGH
29.90000000000005,83.99999999999977,0.4224,HIGH
29.90000000000005,84.04999999999977,0.449,HIGH
29.90000000000005,84.14999999999976,0.4191,HIGH
29.90000000000005,84.19999999999976,0.4349,HIGH
29.90000000000005,84.24999999999976,0.4025,HIGH
29.90000000000005,84.29999999999976,0.4331,HIGH
29.90000000000005,84.64999999999974,0.4191,HIGH
29.90000000000005,84.69999999999973,0.4164,HIGH
29.90000000000005,84.74999999999973,0.4331,HIGH
29.90000000000005,84.84999999999972,0.4363,HIGH
29.90000000000005,85.04999999999971,0.4025,HIGH
29.90000000000005,85.2999999999997,0.4292,HIGH
29.90000000000005,85.59999999999968,0.3869,MEDIUM
29.90000000000005,85.64999999999968,0.4006,HIGH
29.90000000000005,85.84999999999967,0.3913,MEDIUM
29.90000000000005,85.89999999999966,0.4488,HIGH
29.90000000000005,85.99999999999966,0.407,HIGH
29.90000000000005,86.04999999999966,0.4189,HIGH
29.90000000000005,86.24999999999964,0.4118,HIGH
29.90000000000005,86.34999999999964,0.4326,HIGH
29.90000000000005,86.39999999999964,0.4442,HIGH
29.90000000000005,86.59999999999962,0.4115,HIGH
29.90000000000005,86.64999999999962,0.4442,HIGH
29.90000000000005,86.79999999999961,0.396,MEDIUM
29.90000000000005,86.84999999999961,0.4001,HIGH
29.90000000000005,86.9499999999996,0.3824,MEDIUM
29.90000000000005,87.54999999999957,0.4108,HIGH
29.90000000000005,87.59999999999957,0.3588,MEDIUM
29.90000000000005,87.64999999999957,0.4138,HIGH
29.90000000000005,87.69999999999956,0.4346,HIGH
29.90000000000005,87.74999999999956,0.3749,MEDIUM
29.90000000000005,87.79999999999956,0.4226,HIGH
29.90000000000005,87.84999999999955,0.455,HIGH
29.90000000000005,87.99999999999955,0.3588,MEDIUM
29.90000000000005,88.09999999999954,0.4602,HIGH
29.90000000000005,88.14999999999954,0.4665,HIGH
29.950000000000053,80.0,0.7718,VERY HIGH
29.950000000000053,80.05,0.5826,HIGH
29.950000000000053,80.1,0.7549,VERY HIGH
29.950000000000053,80.14999999999999,0.6543,HIGH
29.950000000000053,80.19999999999999,0.7181,VERY HIGH
29.950000000000053,80.24999999999999,0.4956,HIGH
29.950000000000053,80.29999999999998,0.482,HIGH
29.950000000000053,80.34999999999998,0.5638,HIGH
29.950000000000053,80.39999999999998,0.7804,VERY HIGH
29.950000000000053,80.49999999999997,0.5527,HIGH
29.950000000000053,80.54999999999997,0.7379,VERY HIGH
29.950000000000053,80.59999999999997,0.3555,MEDIUM
29.950000000000053,80.64999999999996,0.3908,MEDIUM
29.950000000000053,80.69999999999996,0.3013,MEDIUM
29.950000000000053,80.74999999999996,0.5052,HIGH
29.950000000000053,80.94999999999995,0.3461,MEDIUM
29.950000000000053,81.19999999999993,0.3398,MEDIUM
29.950000000000053,81.24999999999993,0.3599,MEDIUM
29.950000000000053,81.39999999999992,0.6258,HIGH
29.950000000000053,81.6499999999999,0.4214,HIGH
29.950000000000053,81.7499999999999,0.4288,HIGH
29.950000000000053,81.7999999999999,0.3813,MEDIUM
29.950000000000053,81.8499999999999,0.2203,LOW
29.950000000000053,81.89999999999989,0.433,HIGH
29.950000000000053,81.94999999999989,0.212,LOW
29.950000000000053,82.09999999999988,0.3217,MEDIUM
29.950000000000053,82.89999999999984,0.3805,MEDIUM
29.950000000000053,83.14999999999982,0.3808,MEDIUM
29.950000000000053,83.19999999999982,0.3808,MEDIUM
29.950000000000053,83.24999999999982,0.4089,HIGH
29.950000000000053,83.29999999999981,0.3971,MEDIUM
29.950000000000053,83.3999999999998,0.4584,HIGH
29.950000000000053,83.4999999999998,0.4145,HIGH
29.950000000000053,83.5499999999998,0.4337,HIGH
29.950000000000053,83.5999999999998,0.3869,MEDIUM
29.950000000000053,83.64999999999979,0.4033,HIGH
29.950000000000053,83.69999999999979,0.3946,MEDIUM
29.950000000000053,83.74999999999979,0.3869,MEDIUM
29.950000000000053,83.84999999999978,0.3798,MEDIUM
29.950000000000053,83.89999999999978,0.3869,MEDIUM
29.950000000000053,83.94999999999978,0.4025,HIGH
29.950000000000053,83.99999999999977,0.3964,MEDIUM
29.950000000000053,84.04999999999977,0.4181,HIGH
29.950000000000053,84.09999999999977,0.4191,HIGH
29.950000000000053,84.19999999999976,0.3938,MEDIUM
29.950000000000053,84.24999999999976,0.4103,HIGH
29.950000000000053,84.29999999999976,0.4452,HIGH
29.950000000000053,85.59999999999968,0.4006,HIGH
29.950000000000053,85.64999999999968,0.4309,HIGH
29.950000000000053,85.89999999999966,0.407,HIGH
29.950000000000053,85.94999999999966,0.455,HIGH
29.950000000000053,85.99999999999966,0.4366,HIGH
29.950000000000053,86.09999999999965,0.4488,HIGH
29.950000000000053,86.14999999999965,0.4206,HIGH
29.950000000000053,86.29999999999964,0.405,HIGH
29.950000000000053,86.34999999999964,0.4296,HIGH
29.950000000000053,86.54999999999963,0.4284,HIGH
29.950000000000053,86.59999999999962,0.396,MEDIUM
29.950000000000053,86.69999999999962,0.396,MEDIUM
29.950000000000053,86.79999999999961,0.4001,HIGH
29.950000000000053,86.84999999999961,0.3977,MEDIUM
29.950000000000053,87.49999999999957,0.4108,HIGH
29.950000000000053,87.69999999999956,0.4366,HIGH
29.950000000000053,87.74999999999956,0.4138,HIGH
29.950000000000053,87.89999999999955,0.4226,HIGH
29.950000000000053,87.94999999999955,0.4226,HIGH
29.950000000000053,87.99999999999955,0.407,HIGH
29.950000000000053,88.14999999999954,0.434,HIGH
29.950000000000053,88.19999999999953,0.4463,HIGH
30.000000000000053,80.0,0.7803,VERY HIGH
30.000000000000053,80.05,0.7205,VERY HIGH
30.000000000000053,80.1,0.7876,VERY HIGH
30.000000000000053,80.19999999999999,0.725,VERY HIGH
30.000000000000053,80.24999999999999,0.572,HIGH
30.000000000000053,80.29999999999998,0.5264,HIGH
30.000000000000053,80.34999999999998,0.7364,VERY HIGH
30.000000000000053,80.39999999999998,0.3751,MEDIUM
30.000000000000053,80.44999999999997,0.7534,VERY HIGH
30.000000000000053,80.54999999999997,0.416,HIGH
30.000000000000053,80.59999999999997,0.704,VERY HIGH
30.000000000000053,80.64999999999996,0.35,MEDIUM
30.000000000000053,80.69999999999996,0.1864,LOW
30.000000000000053,80.74999999999996,0.3005,MEDIUM
30.000000000000053,80.79999999999995,0.3476,MEDIUM
30.000000000000053,81.59999999999991,0.1897,LOW
30.000000000000053,81.7499999999999,0.208,LOW
30.000000000000053,81.7999999999999,0.4033,HIGH
30.000000000000053,81.8499999999999,0.2431,LOW
30.000000000000053,81.89999999999989,0.1881,LOW
30.000000000000053,81.94999999999989,0.3989,MEDIUM
30.000000000000053,81.99999999999989,0.235,LOW
30.000000000000053,82.14999999999988,0.1795,LOW
30.000000000000053,82.24999999999987,0.437,HIGH
30.000000000000053,82.54999999999986,0.4321,HIGH
30.000000000000053,82.64999999999985,0.4321,HIGH
30.000000000000053,82.74999999999984,0.4612,HIGH
30.000000000000053,82.79999999999984,0.5116,HIGH
30.000000000000053,82.84999999999984,0.449,HIGH
30.000000000000053,82.89999999999984,0.4161,HIGH
30.000000000000053,82.94999999999983,0.3887,MEDIUM
30.000000000000053,82.99999999999983,0.3857,MEDIUM
30.000000000000053,83.04999999999983,0.3565,MEDIUM
30.000000000000053,83.14999999999982,0.404,HIGH
30.000000000000053,83.19999999999982,0.3836,MEDIUM
30.000000000000053,83.24999999999982,0.3836,MEDIUM
30.000000000000053,83.29999999999981,0.3862,MEDIUM
30.000000000000053,83.34999999999981,0.3698,MEDIUM
30.000000000000053,83.4499999999998,0.4302,HIGH
30.000000000000053,83.4999999999998,0.4593,HIGH
30.000000000000053,83.69999999999979,0.4213,HIGH
30.000000000000053,83.74999999999979,0.3869,MEDIUM
30.000000000000053,83.84999999999978,0.4152,HIGH
30.000000000000053,83.89999999999978,0.4025,HIGH
30.000000000000053,83.94999999999978,0.4674,HIGH
30.000000000000053,84.04999999999977,0.4338,HIGH
30.000000000000053,84.09999999999977,0.4224,HIGH
30.000000000000053,84.14999999999976,0.4244,HIGH
30.000000000000053,84.19999999999976,0.4365,HIGH
30.000000000000053,84.24999999999976,0.4102,HIGH
30.000000000000053,84.44999999999975,0.4032,HIGH
30.000000000000053,84.49999999999974,0.4612,HIGH
30.000000000000053,84.54999999999974,0.4892,HIGH
30.000000000000053,84.59999999999974,0.5332,HIGH
30.000000000000053,85.09999999999971,0.4321,HIGH
30.000000000000053,85.14999999999971,0.4006,HIGH
30.000000000000053,85.1999999999997,0.3869,MEDIUM
30.000000000000053,85.2999999999997,0.4152,HIGH
30.000000000000053,85.3499999999997,0.4033,HIGH
30.000000000000053,85.49999999999969,0.4023,HIGH
30.000000000000053,85.64999999999968,0.4172,HIGH
30.000000000000053,85.89999999999966,0.4209,HIGH
30.000000000000053,85.94999999999966,0.4346,HIGH
30.000000000000053,85.99999999999966,0.4254,HIGH
30.000000000000053,86.04999999999966,0.4226,HIGH
30.000000000000053,86.14999999999965,0.4206,HIGH
30.000000000000053,86.29999999999964,0.4162,HIGH
30.000000000000053,86.34999999999964,0.4319,HIGH
30.000000000000053,86.44999999999963,0.4023,HIGH
30.000000000000053,86.64999999999962,0.4319,HIGH
30.000000000000053,86.69999999999962,0.4162,HIGH
30.000000000000053,86.89999999999961,0.4319,HIGH
30.000000000000053,87.0999999999996,0.4274,HIGH
30.000000000000053,87.39999999999958,0.4316,HIGH
30.000000000000053,87.59999999999957,0.3817,MEDIUM
30.000000000000053,87.64999999999957,0.3934,MEDIUM
30.000000000000053,87.69999999999956,0.4058,HIGH
30.000000000000053,87.79999999999956,0.4138,HIGH
30.000000000000053,87.84999999999955,0.4488,HIGH
30.000000000000053,88.14999999999954,0.4233,HIGH
30.05000000000005,80.0,0.8061,VERY HIGH
30.05000000000005,80.05,0.6547,HIGH
30.05000000000005,80.1,0.4171,HIGH
30.05000000000005,80.14999999999999,0.4898,HIGH
30.05000000000005,80.19999999999999,0.3818,MEDIUM
30.05000000000005,80.24999999999999,0.4276,HIGH
30.05000000000005,80.34999999999998,0.2208,LOW
30.05000000000005,80.39999999999998,0.2792,LOW
30.05000000000005,80.44999999999997,0.2658,LOW
30.05000000000005,80.49999999999997,0.393,MEDIUM
30.05000000000005,80.54999999999997,0.6829,HIGH
30.05000000000005,80.59999999999997,0.3919,MEDIUM
30.05000000000005,80.64999999999996,0.3161,MEDIUM
30.05000000000005,80.69999999999996,0.2657,LOW
30.05000000000005,80.74999999999996,0.1833,LOW
30.05000000000005,81.34999999999992,0.4099,HIGH
30.05000000000005,81.54999999999991,0.3609,MEDIUM
30.05000000000005,81.59999999999991,0.2821,LOW
30.05000000000005,81.6499999999999,0.295,LOW
30.05000000000005,81.6999999999999,0.1883,LOW
30.05000000000005,81.7499999999999,0.1927,LOW
30.05000000000005,81.7999999999999,0.2304,LOW
30.05000000000005,81.8499999999999,0.2894,LOW
30.05000000000005,81.99999999999989,0.4755,HIGH
30.05000000000005,82.04999999999988,0.4942,HIGH
30.05000000000005,82.69999999999985,0.4512,HIGH
30.05000000000005,82.74999999999984,0.4228,HIGH
30.05000000000005,82.89999999999984,0.3869,MEDIUM
30.05000000000005,82.94999999999983,0.3857,MEDIUM
30.05000000000005,82.99999999999983,0.3388,MEDIUM
30.05000000000005,83.04999999999983,0.3924,MEDIUM
30.05000000000005,83.14999999999982,0.4336,HIGH
30.05000000000005,83.19999999999982,0.4265,HIGH
30.05000000000005,83.24999999999982,0.3808,MEDIUM
30.05000000000005,83.29999999999981,0.3971,MEDIUM
30.05000000000005,83.34999999999981,0.3821,MEDIUM
30.05000000000005,83.3999999999998,0.4399,HIGH
30.05000000000005,83.4499999999998,0.4051,HIGH
30.05000000000005,83.5499999999998,0.3954,MEDIUM
30.05000000000005,83.5999999999998,0.4041,HIGH
30.05000000000005,83.64999999999979,0.4378,HIGH
30.05000000000005,83.74999999999979,0.4033,HIGH
30.05000000000005,83.79999999999978,0.3869,MEDIUM
30.05000000000005,83.89999999999978,0.4025,HIGH
30.05000000000005,83.94999999999978,0.4081,HIGH
30.05000000000005,83.99999999999977,0.3964,MEDIUM
30.05000000000005,84.04999999999977,0.3695,MEDIUM
30.05000000000005,84.09999999999977,0.4113,HIGH
30.05000000000005,84.24999999999976,0.3937,MEDIUM
30.05000000000005,84.29999999999976,0.4597,HIGH
30.05000000000005,84.39999999999975,0.4615,HIGH
30.05000000000005,84.44999999999975,0.4032,HIGH
30.05000000000005,84.49999999999974,0.4311,HIGH
30.05000000000005,84.54999999999974,0.4428,HIGH
30.05000000000005,84.59999999999974,0.4284,HIGH
30.05000000000005,84.79999999999973,0.4181,HIGH
30.05000000000005,85.1999999999997,0.4213,HIGH
30.05000000000005,85.2499999999997,0.4033,HIGH
30.05000000000005,85.3999999999997,0.4006,HIGH
30.05000000000005,85.44999999999969,0.4006,HIGH
30.05000000000005,85.54999999999968,0.4292,HIGH
30.05000000000005,85.64999999999968,0.4329,HIGH
30.05000000000005,85.69999999999968,0.4329,HIGH
30.05000000000005,85.89999999999966,0.4226,HIGH
30.05000000000005,85.99999999999966,0.4329,HIGH
30.05000000000005,86.04999999999966,0.4366,HIGH
30.05000000000005,86.29999999999964,0.4206,HIGH
30.05000000000005,86.34999999999964,0.4169,HIGH
30.05000000000005,86.54999999999963,0.4162,HIGH
30.05000000000005,86.69999999999962,0.4162,HIGH
30.05000000000005,86.89999999999961,0.4319,HIGH
30.05000000000005,87.0499999999996,0.4181,HIGH
30.05000000000005,87.0999999999996,0.3979,MEDIUM
30.05000000000005,87.34999999999958,0.4058,HIGH
30.05000000000005,87.54999999999957,0.4058,HIGH
30.05000000000005,87.59999999999957,0.3994,MEDIUM
30.05000000000005,87.64999999999957,0.4488,HIGH
30.05000000000005,87.69999999999956,0.4608,HIGH
30.05000000000005,87.89999999999955,0.4391,HIGH
30.05000000000005,87.99999999999955,0.4622,HIGH
30.05000000000005,88.09999999999954,0.448,HIGH
30.05000000000005,88.14999999999954,0.4505,HIGH
30.10000000000005,80.0,0.5331,HIGH
30.10000000000005,80.05,0.2865,LOW
30.10000000000005,80.1,0.2995,LOW
30.10000000000005,80.14999999999999,0.373,MEDIUM
30.10000000000005,80.19999999999999,0.233,LOW
30.10000000000005,80.24999999999999,0.3416,MEDIUM
30.10000000000005,80.29999999999998,0.2487,LOW
30.10000000000005,80.34999999999998,0.7089,VERY HIGH
30.10000000000005,80.39999999999998,0.2611,LOW
30.10000000000005,80.54999999999997,0.4272,HIGH
30.10000000000005,80.59999999999997,0.2502,LOW
30.10000000000005,80.64999999999996,0.397,MEDIUM
30.10000000000005,80.79999999999995,0.339,MEDIUM
30.10000000000005,80.84999999999995,0.2956,LOW
30.10000000000005,80.89999999999995,0.3927,MEDIUM
30.10000000000005,81.44999999999992,0.194,LOW
30.10000000000005,81.49999999999991,0.2953,LOW
30.10000000000005,81.54999999999991,0.201,LOW
30.10000000000005,81.59999999999991,0.205,LOW
30.10000000000005,81.6999999999999,0.1717,LOW
30.10000000000005,82.04999999999988,0.4477,HIGH
30.10000000000005,82.59999999999985,0.4518,HIGH
30.10000000000005,82.69999999999985,0.4508,HIGH
30.10000000000005,82.74999999999984,0.4324,HIGH
30.10000000000005,82.79999999999984,0.4324,HIGH
30.10000000000005,82.84999999999984,0.4122,HIGH
30.10000000000005,82.89999999999984,0.3714,MEDIUM
30.10000000000005,82.94999999999983,0.3993,MEDIUM
30.10000000000005,83.09999999999982,0.4658,HIGH
30.10000000000005,83.14999999999982,0.3913,MEDIUM
30.10000000000005,83.19999999999982,0.3852,MEDIUM
30.10000000000005,83.24999999999982,0.4126,HIGH
30.10000000000005,83.34999999999981,0.4304,HIGH
30.10000000000005,83.74999999999979,0.4033,HIGH
30.10000000000005,83.79999999999978,0.4329,HIGH
30.10000000000005,83.84999999999978,0.4161,HIGH
30.10000000000005,84.04999999999977,0.4365,HIGH
30.10000000000005,84.09999999999977,0.429,HIGH
30.10000000000005,84.24999999999976,0.3427,MEDIUM
30.10000000000005,84.44999999999975,0.4402,HIGH
30.10000000000005,84.49999999999974,0.4782,HIGH
30.10000000000005,84.54999999999974,0.4587,HIGH
30.10000000000005,84.59999999999974,0.4325,HIGH
30.10000000000005,84.79999999999973,0.4612,HIGH
30.10000000000005,85.09999999999971,0.4172,HIGH
30.10000000000005,85.3499999999997,0.3869,MEDIUM
30.10000000000005,85.3999999999997,0.3869,MEDIUM
30.10000000000005,85.44999999999969,0.4189,HIGH
30.10000000000005,85.54999999999968,0.3869,MEDIUM
30.10000000000005,85.64999999999968,0.4152,HIGH
30.10000000000005,85.79999999999967,0.4206,HIGH
30.10000000000005,85.94999999999966,0.407,HIGH
30.10000000000005,85.99999999999966,0.4408,HIGH
30.10000000000005,86.04999999999966,0.4366,HIGH
30.10000000000005,86.09999999999965,0.4226,HIGH
30.10000000000005,86.39999999999964,0.4067,HIGH
30.10000000000005,86.69999999999962,0.4319,HIGH
30.10000000000005,86.74999999999962,0.4162,HIGH
30.10000000000005,86.89999999999961,0.4023,HIGH
30.10000000000005,86.9499999999996,0.4664,HIGH
30.10000000000005,87.24999999999959,0.4366,HIGH
30.10000000000005,87.39999999999958,0.3921,MEDIUM
30.10000000000005,87.44999999999958,0.3835,MEDIUM
30.10000000000005,87.54999999999957,0.4012,HIGH
30.10000000000005,87.64999999999957,0.4,HIGH
30.10000000000005,87.69999999999956,0.3983,MEDIUM
30.10000000000005,87.74999999999956,0.4809,HIGH
30.10000000000005,87.79999999999956,0.4408,HIGH
30.10000000000005,87.84999999999955,0.4488,HIGH
30.10000000000005,87.89999999999955,0.4329,HIGH
30.10000000000005,87.94999999999955,0.4226,HIGH
30.10000000000005,87.99999999999955,0.4226,HIGH
30.10000000000005,88.04999999999954,0.4602,HIGH
30.15000000000005,80.0,0.1798,LOW
30.15000000000005,80.05,0.5329,HIGH
30.15000000000005,80.1,0.2421,LOW
30.15000000000005,80.14999999999999,0.444,HIGH
30.15000000000005,80.19999999999999,0.2184,LOW
30.15000000000005,80.24999999999999,0.2736,LOW
30.15000000000005,80.29999999999998,0.4665,HIGH
30.15000000000005,80.34999999999998,0.3433,MEDIUM
30.15000000000005,80.39999999999998,0.3146,MEDIUM
30.15000000000005,80.84999999999995,0.3736,MEDIUM
30.15000000000005,80.94999999999995,0.4249,HIGH
30.15000000000005,81.44999999999992,0.445,HIGH
30.15000000000005,81.49999999999991,0.2839,LOW
30.15000000000005,81.99999999999989,0.4076,HIGH
30.15000000000005,82.04999999999988,0.4655,HIGH
30.15000000000005,82.54999999999986,0.4431,HIGH
30.15000000000005,82.59999999999985,0.4161,HIGH
30.15000000000005,82.69999999999985,0.4508,HIGH
30.15000000000005,82.74999999999984,0.4575,HIGH
30.15000000000005,82.79999999999984,0.4678,HIGH
30.15000000000005,82.84999999999984,0.4112,HIGH
30.15000000000005,82.89999999999984,0.3582,MEDIUM
30.15000000000005,82.94999999999983,0.3741,MEDIUM
30.15000000000005,82.99999999999983,0.3761,MEDIUM
30.15000000000005,83.04999999999983,0.3761,MEDIUM
30.15000000000005,83.29999999999981,0.4269,HIGH
30.15000000000005,83.4999999999998,0.418,HIGH
30.15000000000005,83.5999999999998,0.4161,HIGH
30.15000000000005,83.64999999999979,0.4009,HIGH
30.15000000000005,83.69999999999979,0.4023,HIGH
30.15000000000005,83.94999999999978,0.4232,HIGH
30.15000000000005,83.99999999999977,0.3964,MEDIUM
30.15000000000005,84.24999999999976,0.1996,LOW
30.15000000000005,84.29999999999976,0.4097,HIGH
30.15000000000005,84.39999999999975,0.4333,HIGH
30.15000000000005,84.59999999999974,0.4626,HIGH
30.15000000000005,84.64999999999974,0.4266,HIGH
30.15000000000005,84.89999999999972,0.4164,HIGH
30.15000000000005,84.94999999999972,0.4181,HIGH
30.15000000000005,85.3999999999997,0.4292,HIGH
30.15000000000005,85.59999999999968,0.4033,HIGH
30.15000000000005,85.69999999999968,0.4189,HIGH
30.15000000000005,85.74999999999967,0.3913,MEDIUM
30.15000000000005,85.94999999999966,0.407,HIGH
30.15000000000005,85.99999999999966,0.455,HIGH
30.15000000000005,86.04999999999966,0.4277,HIGH
30.15000000000005,86.09999999999965,0.455,HIGH
30.15000000000005,86.14999999999965,0.4366,HIGH
30.15000000000005,86.39999999999964,0.4292,HIGH
30.15000000000005,86.69999999999962,0.4614,HIGH
30.15000000000005,86.79999999999961,0.4442,HIGH
30.15000000000005,86.9499999999996,0.448,HIGH
30.15000000000005,87.19999999999959,0.3979,MEDIUM
30.15000000000005,87.24999999999959,0.4209,HIGH
30.15000000000005,87.34999999999958,0.4366,HIGH
30.15000000000005,87.39999999999958,0.4,HIGH
30.15000000000005,87.44999999999958,0.4209,HIGH
30.15000000000005,87.59999999999957,0.3865,MEDIUM
30.15000000000005,87.64999999999957,0.4226,HIGH
30.15000000000005,88.04999999999954,0.4322,HIGH
30.15000000000005,88.09999999999954,0.4443,HIGH
30.15000000000005,88.14999999999954,0.4322,HIGH
30.15000000000005,88.19999999999953,0.4584,HIGH
30.200000000000056,80.0,0.1709,LOW
30.200000000000056,80.05,0.5903,HIGH
30.200000000000056,80.1,0.4673,HIGH
30.200000000000056,80.19999999999999,0.6741,HIGH
30.200000000000056,80.24999999999999,0.4264,HIGH
30.200000000000056,80.29999999999998,0.2416,LOW
30.200000000000056,80.34999999999998,0.4708,HIGH
30.200000000000056,80.54999999999997,0.3077,MEDIUM
30.200000000000056,80.59999999999997,0.4035,HIGH
30.200000000000056,80.64999999999996,0.3365,MEDIUM
30.200000000000056,80.89999999999995,0.3681,MEDIUM
30.200000000000056,81.24999999999993,0.4695,HIGH
30.200000000000056,81.49999999999991,0.4472,HIGH
30.200000000000056,82.79999999999984,0.4839,HIGH
30.200000000000056,82.84999999999984,0.4007,HIGH
30.200000000000056,82.89999999999984,0.4053,HIGH
30.200000000000056,82.94999999999983,0.3913,MEDIUM
30.200000000000056,82.99999999999983,0.4041,HIGH
30.200000000000056,83.09999999999982,0.4217,HIGH
30.200000000000056,83.14999999999982,0.4078,HIGH
30.200000000000056,83.29999999999981,0.4371,HIGH
30.200000000000056,83.5999999999998,0.4329,HIGH
30.200000000000056,83.79999999999978,0.4512,HIGH
30.200000000000056,83.89999999999978,0.4006,HIGH
30.200000000000056,83.94999999999978,0.4172,HIGH
30.200000000000056,84.24999999999976,0.4267,HIGH
30.200000000000056,84.29999999999976,0.4739,HIGH
30.200000000000056,84.39999999999975,0.4114,HIGH
30.200000000000056,84.44999999999975,0.4078,HIGH
30.200000000000056,84.54999999999974,0.4728,HIGH
30.200000000000056,84.64999999999974,0.4062,HIGH
30.200000000000056,84.69999999999973,0.4311,HIGH
30.200000000000056,84.74999999999973,0.4311,HIGH
30.200000000000056,84.89999999999972,0.4025,HIGH
30.200000000000056,85.09999999999971,0.4512,HIGH
30.200000000000056,85.14999999999971,0.4023,HIGH
30.200000000000056,85.1999999999997,0.445,HIGH
30.200000000000056,85.2999999999997,0.4006,HIGH
30.200000000000056,85.3499999999997,0.4161,HIGH
30.200000000000056,85.74999999999967,0.4118,HIGH
30.200000000000056,85.79999999999967,0.4206,HIGH
30.200000000000056,86.14999999999965,0.4488,HIGH
30.200000000000056,86.34999999999964,0.4152,HIGH
30.200000000000056,86.49999999999963,0.4329,HIGH
30.200000000000056,86.74999999999962,0.4172,HIGH
30.200000000000056,86.79999999999961,0.4442,HIGH
30.200000000000056,86.9499999999996,0.4722,HIGH
30.200000000000056,86.9999999999996,0.451,HIGH
30.200000000000056,87.19999999999959,0.4321,HIGH
30.200000000000056,87.24999999999959,0.4304,HIGH
30.200000000000056,87.29999999999959,0.4209,HIGH
30.200000000000056,87.49999999999957,0.4379,HIGH
30.200000000000056,87.54999999999957,0.4189,HIGH
30.200000000000056,87.59999999999957,0.4088,HIGH
30.200000000000056,87.69999999999956,0.4366,HIGH
30.200000000000056,87.74999999999956,0.4121,HIGH
30.200000000000056,87.79999999999956,0.4366,HIGH
30.200000000000056,87.84999999999955,0.4226,HIGH
30.200000000000056,87.89999999999955,0.407,HIGH
30.200000000000056,87.94999999999955,0.4226,HIGH
30.200000000000056,88.04999999999954,0.4322,HIGH
30.200000000000056,88.14999999999954,0.4322,HIGH
30.250000000000057,80.0,0.514,HIGH
30.250000000000057,80.54999999999997,0.2715,LOW
30.250000000000057,80.89999999999995,0.4344,HIGH
30.250000000000057,81.09999999999994,0.5375,HIGH
30.250000000000057,81.59999999999991,0.3741,MEDIUM
30.250000000000057,81.6499999999999,0.4191,HIGH
30.250000000000057,81.6999999999999,0.4232,HIGH
30.250000000000057,81.7499999999999,0.449,HIGH
30.250000000000057,81.94999999999989,0.4437,HIGH
30.250000000000057,82.64999999999985,0.4953,HIGH
30.250000000000057,82.74999999999984,0.4337,HIGH
30.250000000000057,82.84999999999984,0.4397,HIGH
30.250000000000057,82.94999999999983,0.4078,HIGH
30.250000000000057,82.99999999999983,0.3543,MEDIUM
30.250000000000057,83.29999999999981,0.4161,HIGH
30.250000000000057,83.4499999999998,0.4189,HIGH
30.250000000000057,83.4999999999998,0.4197,HIGH
30.250000000000057,83.5499999999998,0.4023,HIGH
30.250000000000057,83.69999999999979,0.4309,HIGH
30.250000000000057,83.79999999999978,0.3919,MEDIUM
30.250000000000057,84.24999999999976,0.4281,HIGH
30.250000000000057,84.34999999999975,0.4609,HIGH
30.250000000000057,84.44999999999975,0.4078,HIGH
30.250000000000057,84.49999999999974,0.4386,HIGH
30.250000000000057,84.54999999999974,0.4728,HIGH
30.250000000000057,84.59999999999974,0.4584,HIGH
30.250000000000057,84.64999999999974,0.4266,HIGH
30.250000000000057,84.84999999999972,0.4331,HIGH
30.250000000000057,85.09999999999971,0.4161,HIGH
30.250000000000057,85.14999999999971,0.4161,HIGH
30.250000000000057,85.1999999999997,0.445,HIGH
30.250000000000057,85.3499999999997,0.4309,HIGH
30.250000000000057,85.44999999999969,0.4326,HIGH
30.250000000000057,85.49999999999969,0.4067,HIGH
30.250000000000057,85.54999999999968,0.4169,HIGH
30.250000000000057,85.59999999999968,0.405,HIGH
30.250000000000057,85.64999999999968,0.3913,MEDIUM
30.250000000000057,85.74999999999967,0.4067,HIGH
30.250000000000057,85.79999999999967,0.405,HIGH
30.250000000000057,85.84999999999967,0.4031,HIGH
30.250000000000057,85.89999999999966,0.4326,HIGH
30.250000000000057,86.09999999999965,0.4226,HIGH
30.250000000000057,86.14999999999965,0.4206,HIGH
30.250000000000057,86.19999999999965,0.445,HIGH
30.250000000000057,86.34999999999964,0.4161,HIGH
30.250000000000057,86.54999999999963,0.4172,HIGH
30.250000000000057,86.9499999999996,0.4321,HIGH
30.250000000000057,86.9999999999996,0.4181,HIGH
30.250000000000057,87.1499999999996,0.469,HIGH
30.250000000000057,87.19999999999959,0.4321,HIGH
30.250000000000057,87.24999999999959,0.4321,HIGH
30.250000000000057,87.29999999999959,0.407,HIGH
30.250000000000057,87.39999999999958,0.4121,HIGH
30.250000000000057,87.69999999999956,0.4488,HIGH
30.250000000000057,87.74999999999956,0.4226,HIGH
30.250000000000057,87.84999999999955,0.4226,HIGH
30.250000000000057,87.89999999999955,0.4251,HIGH
30.250000000000057,87.94999999999955,0.4187,HIGH
30.250000000000057,87.99999999999955,0.4067,HIGH
30.250000000000057,88.09999999999954,0.4181,HIGH
30.250000000000057,88.14999999999954,0.4181,HIGH
30.300000000000058,80.14999999999999,0.4819,HIGH
30.300000000000058,80.19999999999999,0.4495,HIGH
30.300000000000058,80.29999999999998,0.4568,HIGH
30.300000000000058,80.49999999999997,0.3742,MEDIUM
30.300000000000058,80.54999999999997,0.6536,HIGH
30.300000000000058,80.74999999999996,0.4587,HIGH
30.300000000000058,81.04999999999994,0.4764,HIGH
30.300000000000058,81.54999999999991,0.4593,HIGH
30.300000000000058,81.59999999999991,0.5099,HIGH
30.300000000000058,81.7499999999999,0.417,HIGH
30.300000000000058,82.39999999999986,0.4493,HIGH
30.300000000000058,82.49999999999986,0.4849,HIGH
30.300000000000058,82.59999999999985,0.4493,HIGH
30.300000000000058,82.74999999999984,0.3913,MEDIUM
30.300000000000058,82.79999999999984,0.4487,HIGH
30.300000000000058,82.84999999999984,0.3849,MEDIUM
30.300000000000058,82.89999999999984,0.3613,MEDIUM
30.300000000000058,82.94999999999983,0.4337,HIGH
30.300000000000058,83.24999999999982,0.4259,HIGH
30.300000000000058,83.29999999999981,0.3761,MEDIUM
30.300000000000058,83.4499999999998,0.4006,HIGH
30.300000000000058,83.5999999999998,0.4329,HIGH
30.300000000000058,83.69999999999979,0.4152,HIGH
30.300000000000058,83.74999999999979,0.4033,HIGH
30.300000000000058,84.34999999999975,0.396,MEDIUM
30.300000000000058,84.39999999999975,0.4577,HIGH
30.300000000000058,84.49999999999974,0.4743,HIGH
30.300000000000058,84.79999999999973,0.449,HIGH
30.300000000000058,85.14999999999971,0.4309,HIGH
30.300000000000058,85.1999999999997,0.4206,HIGH
30.300000000000058,85.2499999999997,0.4067,HIGH
30.300000000000058,85.2999999999997,0.4206,HIGH
30.300000000000058,85.3499999999997,0.4206,HIGH
30.300000000000058,85.3999999999997,0.3913,MEDIUM
30.300000000000058,85.49999999999969,0.4092,HIGH
30.300000000000058,85.54999999999968,0.3913,MEDIUM
30.300000000000058,85.64999999999968,0.4206,HIGH
30.300000000000058,85.69999999999968,0.4326,HIGH
30.300000000000058,85.84999999999967,0.4067,HIGH
30.300000000000058,85.94999999999966,0.448,HIGH
30.300000000000058,86.04999999999966,0.4391,HIGH
30.300000000000058,86.09999999999965,0.4206,HIGH
30.300000000000058,86.14999999999965,0.3963,MEDIUM
30.300000000000058,86.19999999999965,0.4161,HIGH
30.300000000000058,86.24999999999964,0.4329,HIGH
30.300000000000058,86.49999999999963,0.4309,HIGH
30.300000000000058,86.79999999999961,0.4164,HIGH
30.300000000000058,86.84999999999961,0.4604,HIGH
30.300000000000058,86.89999999999961,0.4321,HIGH
30.300000000000058,86.9499999999996,0.451,HIGH
30.300000000000058,87.19999999999959,0.4562,HIGH
30.300000000000058,87.29999999999959,0.4277,HIGH
30.300000000000058,87.54999999999957,0.424,HIGH
30.300000000000058,87.69999999999956,0.4209,HIGH
30.300000000000058,87.94999999999955,0.4118,HIGH
30.300000000000058,87.99999999999955,0.3824,MEDIUM
30.300000000000058,88.04999999999954,0.4181,HIGH
30.300000000000058,88.09999999999954,0.4181,HIGH
30.300000000000058,88.14999999999954,0.451,HIGH
30.300000000000058,88.19999999999953,0.4363,HIGH
30.35000000000006,80.14999999999999,0.2895,LOW
30.35000000000006,80.19999999999999,0.6483,HIGH
30.35000000000006,80.44999999999997,0.4961,HIGH
30.35000000000006,81.59999999999991,0.4443,HIGH
30.35000000000006,81.6499999999999,0.4435,HIGH
30.35000000000006,82.49999999999986,0.4521,HIGH
30.35000000000006,82.59999999999985,0.4442,HIGH
30.35000000000006,82.64999999999985,0.5097,HIGH
30.35000000000006,82.69999999999985,0.4197,HIGH
30.35000000000006,82.79999999999984,0.4337,HIGH
30.35000000000006,83.04999999999983,0.4078,HIGH
30.35000000000006,83.24999999999982,0.4217,HIGH
30.35000000000006,83.29999999999981,0.3913,MEDIUM
30.35000000000006,83.64999999999979,0.4329,HIGH
30.35000000000006,83.69999999999979,0.4172,HIGH
30.35000000000006,84.09999999999977,0.4268,HIGH
30.35000000000006,84.44999999999975,0.4385,HIGH
30.35000000000006,84.49999999999974,0.47,HIGH
30.35000000000006,84.64999999999974,0.4163,HIGH
30.35000000000006,84.74999999999973,0.449,HIGH
30.35000000000006,84.79999999999973,0.4452,HIGH
30.35000000000006,84.94999999999972,0.4161,HIGH
30.35000000000006,85.04999999999971,0.4161,HIGH
30.35000000000006,85.09999999999971,0.405,HIGH
30.35000000000006,85.14999999999971,0.3913,MEDIUM
30.35000000000006,85.1999999999997,0.4067,HIGH
30.35000000000006,85.2499999999997,0.405,HIGH
30.35000000000006,85.3499999999997,0.405,HIGH
30.35000000000006,85.3999999999997,0.4206,HIGH
30.35000000000006,85.44999999999969,0.4206,HIGH
30.35000000000006,85.49999999999969,0.4067,HIGH
30.35000000000006,85.54999999999968,0.405,HIGH
30.35000000000006,85.69999999999968,0.405,HIGH
30.35000000000006,85.79999999999967,0.3749,MEDIUM
30.35000000000006,85.84999999999967,0.413,HIGH
30.35000000000006,85.89999999999966,0.4162,HIGH
30.35000000000006,85.99999999999966,0.4522,HIGH
30.35000000000006,86.04999999999966,0.4505,HIGH
30.35000000000006,86.09999999999965,0.4038,HIGH
30.35000000000006,86.19999999999965,0.4329,HIGH
30.35000000000006,86.34999999999964,0.4023,HIGH
30.35000000000006,86.74999999999962,0.4674,HIGH
30.35000000000006,86.89999999999961,0.451,HIGH
30.35000000000006,86.9499999999996,0.4181,HIGH
30.35000000000006,86.9999999999996,0.4181,HIGH
30.35000000000006,87.0499999999996,0.4505,HIGH
30.35000000000006,87.0999999999996,0.4321,HIGH
30.35000000000006,87.1499999999996,0.4664,HIGH
30.35000000000006,87.19999999999959,0.4181,HIGH
30.35000000000006,87.24999999999959,0.4497,HIGH
30.35000000000006,87.44999999999958,0.4209,HIGH
30.35000000000006,87.49999999999957,0.4451,HIGH
30.35000000000006,87.74999999999956,0.4209,HIGH
30.35000000000006,87.79999999999956,0.4209,HIGH
30.35000000000006,87.94999999999955,0.3824,MEDIUM
30.35000000000006,87.99999999999955,0.4115,HIGH
30.35000000000006,88.14999999999954,0.4181,HIGH
30.35000000000006,88.19999999999953,0.4181,HIGH
